program_name,program_description,day_key,day_short,day_long,day_title,day_kind,day_desc,workout_title,workout_badge,workout_subtitle,warmup,exercise_order,exercise_name,exercise_volume,exercise_rest,exercise_sets,exercise_cue,exercise_note
Backstop Engine — Catcher Power & Durability,"Evidence-informed offseason catcher program. Priorities: squat-to-stand force, short-area acceleration, lateral power, hip internal-rotation/adductor/ankle capacity, trunk control, upper-back strength and throwing durability. Power reps are maximal-quality; strength work normally stops with 1–2 reps in reserve.",mon,Mon,Monday,Day 1 — Squat-to-Stand Force,Strength,"Build the lower-body force and tissue capacity needed to live low, rise fast and repeat the position without turning the session into knee-fatigue conditioning.",Catcher Lower Force,FORCE,65–80 min,true,1,Countermovement Jump,4 × 3,90 sec,4,"Dip quickly, keep the whole foot connected, then jump as high as possible.",Do this fresh. Stop if jump height or landing quality clearly drops.
Backstop Engine — Catcher Power & Durability,"Evidence-informed offseason catcher program. Priorities: squat-to-stand force, short-area acceleration, lateral power, hip internal-rotation/adductor/ankle capacity, trunk control, upper-back strength and throwing durability. Power reps are maximal-quality; strength work normally stops with 1–2 reps in reserve.",mon,Mon,Monday,Day 1 — Squat-to-Stand Force,Strength,"Build the lower-body force and tissue capacity needed to live low, rise fast and repeat the position without turning the session into knee-fatigue conditioning.",Catcher Lower Force,FORCE,65–80 min,true,2,Trap-Bar Deadlift,4 × 4,3 min,4,"Brace 360°, push the floor away and finish tall without leaning back.",Use a load you could do for ~6 reps; no grinders. Leg press is the machine substitute if needed.
Backstop Engine — Catcher Power & Durability,"Evidence-informed offseason catcher program. Priorities: squat-to-stand force, short-area acceleration, lateral power, hip internal-rotation/adductor/ankle capacity, trunk control, upper-back strength and throwing durability. Power reps are maximal-quality; strength work normally stops with 1–2 reps in reserve.",mon,Mon,Monday,Day 1 — Squat-to-Stand Force,Strength,"Build the lower-body force and tissue capacity needed to live low, rise fast and repeat the position without turning the session into knee-fatigue conditioning.",Catcher Lower Force,FORCE,65–80 min,true,3,Rear-Foot-Elevated Split Squat,3 × 6 / side,2 min,3,Keep the front foot rooted; lower the back knee down and drive up through the floor.,Control the bottom for 1 second. Dumbbells are fine.
Backstop Engine — Catcher Power & Durability,"Evidence-informed offseason catcher program. Priorities: squat-to-stand force, short-area acceleration, lateral power, hip internal-rotation/adductor/ankle capacity, trunk control, upper-back strength and throwing durability. Power reps are maximal-quality; strength work normally stops with 1–2 reps in reserve.",mon,Mon,Monday,Day 1 — Squat-to-Stand Force,Strength,"Build the lower-body force and tissue capacity needed to live low, rise fast and repeat the position without turning the session into knee-fatigue conditioning.",Catcher Lower Force,FORCE,65–80 min,true,4,Wide-Stance Goblet Squat,3 × 8,90 sec,3,Sit between the hips with knees tracking over the toes and ribs stacked.,Use a catcher-relevant stance width but never force hip pinch.
Backstop Engine — Catcher Power & Durability,"Evidence-informed offseason catcher program. Priorities: squat-to-stand force, short-area acceleration, lateral power, hip internal-rotation/adductor/ankle capacity, trunk control, upper-back strength and throwing durability. Power reps are maximal-quality; strength work normally stops with 1–2 reps in reserve.",mon,Mon,Monday,Day 1 — Squat-to-Stand Force,Strength,"Build the lower-body force and tissue capacity needed to live low, rise fast and repeat the position without turning the session into knee-fatigue conditioning.",Catcher Lower Force,FORCE,65–80 min,true,5,Copenhagen Plank,3 × 20–30 sec / side,60 sec,3,Keep the pelvis high and body straight; squeeze the top-leg adductors.,Start short-lever and progress only when groin tolerance is good.
Backstop Engine — Catcher Power & Durability,"Evidence-informed offseason catcher program. Priorities: squat-to-stand force, short-area acceleration, lateral power, hip internal-rotation/adductor/ankle capacity, trunk control, upper-back strength and throwing durability. Power reps are maximal-quality; strength work normally stops with 1–2 reps in reserve.",mon,Mon,Monday,Day 1 — Squat-to-Stand Force,Strength,"Build the lower-body force and tissue capacity needed to live low, rise fast and repeat the position without turning the session into knee-fatigue conditioning.",Catcher Lower Force,FORCE,65–80 min,true,6,Bent-Knee Soleus Raise,3 × 12–15,60 sec,3,"Keep the knee bent, drive through the ball of the foot and pause at the top.",Useful ankle/calf capacity for repeated low positions and first steps.
Backstop Engine — Catcher Power & Durability,"Evidence-informed offseason catcher program. Priorities: squat-to-stand force, short-area acceleration, lateral power, hip internal-rotation/adductor/ankle capacity, trunk control, upper-back strength and throwing durability. Power reps are maximal-quality; strength work normally stops with 1–2 reps in reserve.",tue,Tue,Tuesday,Day 2 — Throwing Support + Upper Strength,Strength,Build force around the shoulder blade and trunk while keeping pressing volume sensible for a high-throw position.,Catcher Upper / Arm,THROW,60–75 min,true,1,Medicine-Ball Shot-Put From Athletic Stance,4 × 4 / side,75 sec,4,"Drive from the floor, rotate the trunk and punch the ball through the wall fast.","Light ball, maximum intent; this is power, not conditioning."
Backstop Engine — Catcher Power & Durability,"Evidence-informed offseason catcher program. Priorities: squat-to-stand force, short-area acceleration, lateral power, hip internal-rotation/adductor/ankle capacity, trunk control, upper-back strength and throwing durability. Power reps are maximal-quality; strength work normally stops with 1–2 reps in reserve.",tue,Tue,Tuesday,Day 2 — Throwing Support + Upper Strength,Strength,Build force around the shoulder blade and trunk while keeping pressing volume sensible for a high-throw position.,Catcher Upper / Arm,THROW,60–75 min,true,2,Half-Kneeling Landmine Press,3 × 6 / side,2 min,3,Squeeze the down-side glute and reach up-forward without flaring the ribs.,Use a smooth shoulder-friendly path.
Backstop Engine — Catcher Power & Durability,"Evidence-informed offseason catcher program. Priorities: squat-to-stand force, short-area acceleration, lateral power, hip internal-rotation/adductor/ankle capacity, trunk control, upper-back strength and throwing durability. Power reps are maximal-quality; strength work normally stops with 1–2 reps in reserve.",tue,Tue,Tuesday,Day 2 — Throwing Support + Upper Strength,Strength,Build force around the shoulder blade and trunk while keeping pressing volume sensible for a high-throw position.,Catcher Upper / Arm,THROW,60–75 min,true,3,Chest-Supported Row,4 × 8,90 sec,4,"Reach long, then pull elbows toward the back pockets without shrugging.",Prioritize upper-back strength and scapular control.
Backstop Engine — Catcher Power & Durability,"Evidence-informed offseason catcher program. Priorities: squat-to-stand force, short-area acceleration, lateral power, hip internal-rotation/adductor/ankle capacity, trunk control, upper-back strength and throwing durability. Power reps are maximal-quality; strength work normally stops with 1–2 reps in reserve.",tue,Tue,Tuesday,Day 2 — Throwing Support + Upper Strength,Strength,Build force around the shoulder blade and trunk while keeping pressing volume sensible for a high-throw position.,Catcher Upper / Arm,THROW,60–75 min,true,4,Neutral-Grip Lat Pulldown or Pull-Up,3 × 6–10,90 sec,3,"Start by pulling the shoulder blades down, then drive elbows toward the ribs.",Choose the version that keeps the neck relaxed.
Backstop Engine — Catcher Power & Durability,"Evidence-informed offseason catcher program. Priorities: squat-to-stand force, short-area acceleration, lateral power, hip internal-rotation/adductor/ankle capacity, trunk control, upper-back strength and throwing durability. Power reps are maximal-quality; strength work normally stops with 1–2 reps in reserve.",tue,Tue,Tuesday,Day 2 — Throwing Support + Upper Strength,Strength,Build force around the shoulder blade and trunk while keeping pressing volume sensible for a high-throw position.,Catcher Upper / Arm,THROW,60–75 min,true,5,Push-Up Plus,3 × 10–15,75 sec,3,Keep a rigid trunk and finish each rep by reaching the floor away.,The final reach is the point; do not shrug into the ears.
Backstop Engine — Catcher Power & Durability,"Evidence-informed offseason catcher program. Priorities: squat-to-stand force, short-area acceleration, lateral power, hip internal-rotation/adductor/ankle capacity, trunk control, upper-back strength and throwing durability. Power reps are maximal-quality; strength work normally stops with 1–2 reps in reserve.",tue,Tue,Tuesday,Day 2 — Throwing Support + Upper Strength,Strength,Build force around the shoulder blade and trunk while keeping pressing volume sensible for a high-throw position.,Catcher Upper / Arm,THROW,60–75 min,true,6,Cable External Rotation at 90°,2 × 12 / side,60 sec,2,"Keep the upper arm level and rotate from the shoulder, not the wrist.","Light, controlled arm-care work. Never chase fatigue."
Backstop Engine — Catcher Power & Durability,"Evidence-informed offseason catcher program. Priorities: squat-to-stand force, short-area acceleration, lateral power, hip internal-rotation/adductor/ankle capacity, trunk control, upper-back strength and throwing durability. Power reps are maximal-quality; strength work normally stops with 1–2 reps in reserve.",tue,Tue,Tuesday,Day 2 — Throwing Support + Upper Strength,Strength,Build force around the shoulder blade and trunk while keeping pressing volume sensible for a high-throw position.,Catcher Upper / Arm,THROW,60–75 min,true,7,Suitcase Carry,3 × 25–35 m / side,60 sec,3,Walk tall and resist leaning toward or away from the load.,Ribs stacked over pelvis; controlled steps.
Backstop Engine — Catcher Power & Durability,"Evidence-informed offseason catcher program. Priorities: squat-to-stand force, short-area acceleration, lateral power, hip internal-rotation/adductor/ankle capacity, trunk control, upper-back strength and throwing durability. Power reps are maximal-quality; strength work normally stops with 1–2 reps in reserve.",wed,Wed,Wednesday,"Recovery — Catcher Hips, Ankles & T-Spine",Recover,Restore the ranges needed for low receiving and throwing positions without adding meaningful fatigue.,Catcher Reset,RECOVER,25–35 min,false,1,90/90 Hip Internal-Rotation Lift-Off or Switch,2 × 6–8 / side,30 sec,2,Stay tall and rotate through the hips under control.,Prioritize clean hip rotation rather than forcing depth.
Backstop Engine — Catcher Power & Durability,"Evidence-informed offseason catcher program. Priorities: squat-to-stand force, short-area acceleration, lateral power, hip internal-rotation/adductor/ankle capacity, trunk control, upper-back strength and throwing durability. Power reps are maximal-quality; strength work normally stops with 1–2 reps in reserve.",wed,Wed,Wednesday,"Recovery — Catcher Hips, Ankles & T-Spine",Recover,Restore the ranges needed for low receiving and throwing positions without adding meaningful fatigue.,Catcher Reset,RECOVER,25–35 min,false,2,Adductor Rock-Back,2 × 10 / side,30 sec,2,Keep a neutral spine and sit the hips back until the inner thigh loads gently.,No bouncing or pinching.
Backstop Engine — Catcher Power & Durability,"Evidence-informed offseason catcher program. Priorities: squat-to-stand force, short-area acceleration, lateral power, hip internal-rotation/adductor/ankle capacity, trunk control, upper-back strength and throwing durability. Power reps are maximal-quality; strength work normally stops with 1–2 reps in reserve.",wed,Wed,Wednesday,"Recovery — Catcher Hips, Ankles & T-Spine",Recover,Restore the ranges needed for low receiving and throwing positions without adding meaningful fatigue.,Catcher Reset,RECOVER,25–35 min,false,3,Knee-to-Wall Ankle Mobilization,2 × 10 / side,30 sec,2,Drive the knee over the middle toes while the heel stays down.,Smooth reps; keep the arch controlled.
Backstop Engine — Catcher Power & Durability,"Evidence-informed offseason catcher program. Priorities: squat-to-stand force, short-area acceleration, lateral power, hip internal-rotation/adductor/ankle capacity, trunk control, upper-back strength and throwing durability. Power reps are maximal-quality; strength work normally stops with 1–2 reps in reserve.",wed,Wed,Wednesday,"Recovery — Catcher Hips, Ankles & T-Spine",Recover,Restore the ranges needed for low receiving and throwing positions without adding meaningful fatigue.,Catcher Reset,RECOVER,25–35 min,false,4,Open-Book T-Spine Rotation,2 × 8 / side,30 sec,2,Keep the knees stacked and rotate through the upper back.,Exhale into the end range.
Backstop Engine — Catcher Power & Durability,"Evidence-informed offseason catcher program. Priorities: squat-to-stand force, short-area acceleration, lateral power, hip internal-rotation/adductor/ankle capacity, trunk control, upper-back strength and throwing durability. Power reps are maximal-quality; strength work normally stops with 1–2 reps in reserve.",wed,Wed,Wednesday,"Recovery — Catcher Hips, Ankles & T-Spine",Recover,Restore the ranges needed for low receiving and throwing positions without adding meaningful fatigue.,Catcher Reset,RECOVER,25–35 min,false,5,Easy Bike or Brisk Walk,20–25 min easy,—,1,Keep breathing conversational and shoulders relaxed.,Recovery pace only.
Backstop Engine — Catcher Power & Durability,"Evidence-informed offseason catcher program. Priorities: squat-to-stand force, short-area acceleration, lateral power, hip internal-rotation/adductor/ankle capacity, trunk control, upper-back strength and throwing durability. Power reps are maximal-quality; strength work normally stops with 1–2 reps in reserve.",thu,Thu,Thursday,Day 3 — Pop Power + Short-Area Speed,Power,"Train the explosive transition from a low position, lateral force and the first 5–10 yards that matter most behind the plate.",Pop / First-Step Power,POWER,50–65 min,true,1,Broad Jump to Stick,4 × 3,90 sec,4,"Project forward hard, land softly and own the landing before resetting.",Full reset between reps.
Backstop Engine — Catcher Power & Durability,"Evidence-informed offseason catcher program. Priorities: squat-to-stand force, short-area acceleration, lateral power, hip internal-rotation/adductor/ankle capacity, trunk control, upper-back strength and throwing durability. Power reps are maximal-quality; strength work normally stops with 1–2 reps in reserve.",thu,Thu,Thursday,Day 3 — Pop Power + Short-Area Speed,Power,"Train the explosive transition from a low position, lateral force and the first 5–10 yards that matter most behind the plate.",Pop / First-Step Power,POWER,50–65 min,true,2,Lateral Bound to Stick,4 × 3 / side,90 sec,4,Push the ground away laterally and stabilize the landing for 1–2 seconds.,Do not let the knee collapse inward.
Backstop Engine — Catcher Power & Durability,"Evidence-informed offseason catcher program. Priorities: squat-to-stand force, short-area acceleration, lateral power, hip internal-rotation/adductor/ankle capacity, trunk control, upper-back strength and throwing durability. Power reps are maximal-quality; strength work normally stops with 1–2 reps in reserve.",thu,Thu,Thursday,Day 3 — Pop Power + Short-Area Speed,Power,"Train the explosive transition from a low position, lateral force and the first 5–10 yards that matter most behind the plate.",Pop / First-Step Power,POWER,50–65 min,true,3,Medicine-Ball Rotational Scoop Toss,4 × 4 / side,75 sec,4,"Load the back hip, start rotation from the floor and pelvis, then whip the trunk and arms.",Use a ball light enough to move fast.
Backstop Engine — Catcher Power & Durability,"Evidence-informed offseason catcher program. Priorities: squat-to-stand force, short-area acceleration, lateral power, hip internal-rotation/adductor/ankle capacity, trunk control, upper-back strength and throwing durability. Power reps are maximal-quality; strength work normally stops with 1–2 reps in reserve.",thu,Thu,Thursday,Day 3 — Pop Power + Short-Area Speed,Power,"Train the explosive transition from a low position, lateral force and the first 5–10 yards that matter most behind the plate.",Pop / First-Step Power,POWER,50–65 min,true,4,Catcher-Stance 5-Yard Burst,6 × 5 yd,60–75 sec,6,"Start low, create a violent first push and rise only as speed builds.",Quality first. This is not repeated conditioning.
Backstop Engine — Catcher Power & Durability,"Evidence-informed offseason catcher program. Priorities: squat-to-stand force, short-area acceleration, lateral power, hip internal-rotation/adductor/ankle capacity, trunk control, upper-back strength and throwing durability. Power reps are maximal-quality; strength work normally stops with 1–2 reps in reserve.",thu,Thu,Thursday,Day 3 — Pop Power + Short-Area Speed,Power,"Train the explosive transition from a low position, lateral force and the first 5–10 yards that matter most behind the plate.",Pop / First-Step Power,POWER,50–65 min,true,5,Lateral Shuffle to 5-Yard Burst,4 × 2 / side,75 sec,4,"Stay athletic through the shuffle, plant under the hip and explode out.",Keep the feet underneath you; avoid reaching on the plant.
Backstop Engine — Catcher Power & Durability,"Evidence-informed offseason catcher program. Priorities: squat-to-stand force, short-area acceleration, lateral power, hip internal-rotation/adductor/ankle capacity, trunk control, upper-back strength and throwing durability. Power reps are maximal-quality; strength work normally stops with 1–2 reps in reserve.",thu,Thu,Thursday,Day 3 — Pop Power + Short-Area Speed,Power,"Train the explosive transition from a low position, lateral force and the first 5–10 yards that matter most behind the plate.",Pop / First-Step Power,POWER,50–65 min,true,6,Pogo Jump,3 × 15–20 contacts,60 sec,3,Stay tall and spring quickly from the ankles with short ground contacts.,Small amplitude and elastic contacts.
Backstop Engine — Catcher Power & Durability,"Evidence-informed offseason catcher program. Priorities: squat-to-stand force, short-area acceleration, lateral power, hip internal-rotation/adductor/ankle capacity, trunk control, upper-back strength and throwing durability. Power reps are maximal-quality; strength work normally stops with 1–2 reps in reserve.",fri,Fri,Friday,Day 4 — Total-Body Catcher Strength,Strength,"Reinforce bilateral and unilateral strength, posterior-chain capacity and trunk stiffness without duplicating Monday.",Catcher Total Body,BUILD,65–80 min,true,1,Front Squat or Hack Squat,4 × 4–6,2–3 min,4,"Brace before descending, sit between the hips and drive evenly through both feet.",Choose the version that lets you train hard without joint irritation.
Backstop Engine — Catcher Power & Durability,"Evidence-informed offseason catcher program. Priorities: squat-to-stand force, short-area acceleration, lateral power, hip internal-rotation/adductor/ankle capacity, trunk control, upper-back strength and throwing durability. Power reps are maximal-quality; strength work normally stops with 1–2 reps in reserve.",fri,Fri,Friday,Day 4 — Total-Body Catcher Strength,Strength,"Reinforce bilateral and unilateral strength, posterior-chain capacity and trunk stiffness without duplicating Monday.",Catcher Total Body,BUILD,65–80 min,true,2,Romanian Deadlift,3 × 6–8,2 min,3,Push the hips back with soft knees and keep the load close to the legs.,Stop where the hamstrings are loaded and the spine stays neutral.
Backstop Engine — Catcher Power & Durability,"Evidence-informed offseason catcher program. Priorities: squat-to-stand force, short-area acceleration, lateral power, hip internal-rotation/adductor/ankle capacity, trunk control, upper-back strength and throwing durability. Power reps are maximal-quality; strength work normally stops with 1–2 reps in reserve.",fri,Fri,Friday,Day 4 — Total-Body Catcher Strength,Strength,"Reinforce bilateral and unilateral strength, posterior-chain capacity and trunk stiffness without duplicating Monday.",Catcher Total Body,BUILD,65–80 min,true,3,One-Arm Cable Row,3 × 8 / side,75 sec,3,"Reach long, then row without rotating the pelvis.",Let the shoulder blade move naturally.
Backstop Engine — Catcher Power & Durability,"Evidence-informed offseason catcher program. Priorities: squat-to-stand force, short-area acceleration, lateral power, hip internal-rotation/adductor/ankle capacity, trunk control, upper-back strength and throwing durability. Power reps are maximal-quality; strength work normally stops with 1–2 reps in reserve.",fri,Fri,Friday,Day 4 — Total-Body Catcher Strength,Strength,"Reinforce bilateral and unilateral strength, posterior-chain capacity and trunk stiffness without duplicating Monday.",Catcher Total Body,BUILD,65–80 min,true,4,Incline Dumbbell Press,3 × 8,90 sec,3,Keep the ribs controlled and press through a comfortable path.,Neutral grip if preferred; leave 1–2 reps in reserve.
Backstop Engine — Catcher Power & Durability,"Evidence-informed offseason catcher program. Priorities: squat-to-stand force, short-area acceleration, lateral power, hip internal-rotation/adductor/ankle capacity, trunk control, upper-back strength and throwing durability. Power reps are maximal-quality; strength work normally stops with 1–2 reps in reserve.",fri,Fri,Friday,Day 4 — Total-Body Catcher Strength,Strength,"Reinforce bilateral and unilateral strength, posterior-chain capacity and trunk stiffness without duplicating Monday.",Catcher Total Body,BUILD,65–80 min,true,5,Lateral Lunge,3 × 8 / side,90 sec,3,Sit into the working hip while keeping the planted foot fully connected.,Build usable frontal-plane strength for blocks and lateral movement.
Backstop Engine — Catcher Power & Durability,"Evidence-informed offseason catcher program. Priorities: squat-to-stand force, short-area acceleration, lateral power, hip internal-rotation/adductor/ankle capacity, trunk control, upper-back strength and throwing durability. Power reps are maximal-quality; strength work normally stops with 1–2 reps in reserve.",fri,Fri,Friday,Day 4 — Total-Body Catcher Strength,Strength,"Reinforce bilateral and unilateral strength, posterior-chain capacity and trunk stiffness without duplicating Monday.",Catcher Total Body,BUILD,65–80 min,true,6,Split-Squat Isometric Hold,2 × 30–40 sec / side,60 sec,2,Hold mid-range with the front foot flat and pelvis square.,Strong positional capacity without excessive joint motion.
Backstop Engine — Catcher Power & Durability,"Evidence-informed offseason catcher program. Priorities: squat-to-stand force, short-area acceleration, lateral power, hip internal-rotation/adductor/ankle capacity, trunk control, upper-back strength and throwing durability. Power reps are maximal-quality; strength work normally stops with 1–2 reps in reserve.",fri,Fri,Friday,Day 4 — Total-Body Catcher Strength,Strength,"Reinforce bilateral and unilateral strength, posterior-chain capacity and trunk stiffness without duplicating Monday.",Catcher Total Body,BUILD,65–80 min,true,7,Pallof Press,3 × 8–10 / side,60 sec,3,"Exhale, lock ribs over pelvis and resist the cable trying to rotate you.",Pause briefly at full reach.
Backstop Engine — Catcher Power & Durability,"Evidence-informed offseason catcher program. Priorities: squat-to-stand force, short-area acceleration, lateral power, hip internal-rotation/adductor/ankle capacity, trunk control, upper-back strength and throwing durability. Power reps are maximal-quality; strength work normally stops with 1–2 reps in reserve.",sat,Sat,Saturday,Optional — Catching Skill + Aerobic Base,Recover,Low-fatigue movement and position skill. Keep throwing volume coordinated with the baseball plan rather than adding random extra throws.,Skill / Aerobic,EASY,25–40 min,false,1,"Bike, Incline Walk or Easy Jog",25–35 min Zone 2,—,1,Use a pace where conversation stays comfortable.,"If legs are heavy, choose bike or incline walking."
Backstop Engine — Catcher Power & Durability,"Evidence-informed offseason catcher program. Priorities: squat-to-stand force, short-area acceleration, lateral power, hip internal-rotation/adductor/ankle capacity, trunk control, upper-back strength and throwing durability. Power reps are maximal-quality; strength work normally stops with 1–2 reps in reserve.",sat,Sat,Saturday,Optional — Catching Skill + Aerobic Base,Recover,Low-fatigue movement and position skill. Keep throwing volume coordinated with the baseball plan rather than adding random extra throws.,Skill / Aerobic,EASY,25–40 min,false,2,Deep Squat Breathing Hold,2 × 5 breaths,45 sec,2,Use support if needed and breathe into the back and sides of the ribcage.,Comfortable range only; this is not a max-depth test.
Backstop Engine — Catcher Power & Durability,"Evidence-informed offseason catcher program. Priorities: squat-to-stand force, short-area acceleration, lateral power, hip internal-rotation/adductor/ankle capacity, trunk control, upper-back strength and throwing durability. Power reps are maximal-quality; strength work normally stops with 1–2 reps in reserve.",sun,Sun,Sunday,Rest,Rest,Full rest. Normal walking is fine.,,,,,,,,,,,
Dirt Range — Infielder First-Step & Throwing Power,"Evidence-informed offseason infielder program. Priorities: 0–10 yd acceleration, lateral/crossover first-step speed, braking and re-acceleration, unilateral and frontal-plane strength, rotational power, upper-back strength and throwing-arm durability. Speed and power stay low-volume and high-quality.",mon,Mon,Monday,Day 1 — First-Step Acceleration + Lower Force,Strength,Build the short-distance force qualities used to attack ground balls and close space quickly.,Infielder Accel / Lower,FORCE,65–80 min,true,1,5-Yard Falling Start,4 × 5 yd,60–75 sec,4,"Lean as one unit, punch the ground back and accelerate without popping upright.",Full recovery; every rep fast.
Dirt Range — Infielder First-Step & Throwing Power,"Evidence-informed offseason infielder program. Priorities: 0–10 yd acceleration, lateral/crossover first-step speed, braking and re-acceleration, unilateral and frontal-plane strength, rotational power, upper-back strength and throwing-arm durability. Speed and power stay low-volume and high-quality.",mon,Mon,Monday,Day 1 — First-Step Acceleration + Lower Force,Strength,Build the short-distance force qualities used to attack ground balls and close space quickly.,Infielder Accel / Lower,FORCE,65–80 min,true,2,10-Yard Acceleration,4 × 10 yd,90 sec,4,Push aggressively for the first 3–5 steps and rise gradually.,Do before heavy lifting.
Dirt Range — Infielder First-Step & Throwing Power,"Evidence-informed offseason infielder program. Priorities: 0–10 yd acceleration, lateral/crossover first-step speed, braking and re-acceleration, unilateral and frontal-plane strength, rotational power, upper-back strength and throwing-arm durability. Speed and power stay low-volume and high-quality.",mon,Mon,Monday,Day 1 — First-Step Acceleration + Lower Force,Strength,Build the short-distance force qualities used to attack ground balls and close space quickly.,Infielder Accel / Lower,FORCE,65–80 min,true,3,Trap-Bar Deadlift,4 × 4,3 min,4,"Brace, push the floor away and finish tall with the glutes.",Leave 1–2 reps in reserve; no grinders.
Dirt Range — Infielder First-Step & Throwing Power,"Evidence-informed offseason infielder program. Priorities: 0–10 yd acceleration, lateral/crossover first-step speed, braking and re-acceleration, unilateral and frontal-plane strength, rotational power, upper-back strength and throwing-arm durability. Speed and power stay low-volume and high-quality.",mon,Mon,Monday,Day 1 — First-Step Acceleration + Lower Force,Strength,Build the short-distance force qualities used to attack ground balls and close space quickly.,Infielder Accel / Lower,FORCE,65–80 min,true,4,Rear-Foot-Elevated Split Squat,3 × 6 / side,2 min,3,Root the front foot and drive up without the pelvis shifting.,A slight forward torso lean is fine.
Dirt Range — Infielder First-Step & Throwing Power,"Evidence-informed offseason infielder program. Priorities: 0–10 yd acceleration, lateral/crossover first-step speed, braking and re-acceleration, unilateral and frontal-plane strength, rotational power, upper-back strength and throwing-arm durability. Speed and power stay low-volume and high-quality.",mon,Mon,Monday,Day 1 — First-Step Acceleration + Lower Force,Strength,Build the short-distance force qualities used to attack ground balls and close space quickly.,Infielder Accel / Lower,FORCE,65–80 min,true,5,Lateral Lunge,3 × 6–8 / side,90 sec,3,Sit into the working hip and keep the entire planted foot down.,Train range you can own and reverse from.
Dirt Range — Infielder First-Step & Throwing Power,"Evidence-informed offseason infielder program. Priorities: 0–10 yd acceleration, lateral/crossover first-step speed, braking and re-acceleration, unilateral and frontal-plane strength, rotational power, upper-back strength and throwing-arm durability. Speed and power stay low-volume and high-quality.",mon,Mon,Monday,Day 1 — First-Step Acceleration + Lower Force,Strength,Build the short-distance force qualities used to attack ground balls and close space quickly.,Infielder Accel / Lower,FORCE,65–80 min,true,6,Single-Leg Romanian Deadlift,3 × 8 / side,90 sec,3,"Reach the free leg long, keep hips square and load the standing hamstring.",Balance is secondary to clean hip control.
Dirt Range — Infielder First-Step & Throwing Power,"Evidence-informed offseason infielder program. Priorities: 0–10 yd acceleration, lateral/crossover first-step speed, braking and re-acceleration, unilateral and frontal-plane strength, rotational power, upper-back strength and throwing-arm durability. Speed and power stay low-volume and high-quality.",mon,Mon,Monday,Day 1 — First-Step Acceleration + Lower Force,Strength,Build the short-distance force qualities used to attack ground balls and close space quickly.,Infielder Accel / Lower,FORCE,65–80 min,true,7,Bent-Knee Soleus Raise,3 × 12–15,60 sec,3,Keep the knee bent and pause at the top.,Build lower-leg stiffness for first-step acceleration and deceleration.
Dirt Range — Infielder First-Step & Throwing Power,"Evidence-informed offseason infielder program. Priorities: 0–10 yd acceleration, lateral/crossover first-step speed, braking and re-acceleration, unilateral and frontal-plane strength, rotational power, upper-back strength and throwing-arm durability. Speed and power stay low-volume and high-quality.",tue,Tue,Tuesday,Day 2 — Rotation + High-Throw Support,Strength,Develop rotational power and scapular/upper-back strength without burying the throwing arm.,Infielder Upper / Throw,THROW,60–75 min,true,1,Medicine-Ball Step-Behind Rotational Throw,4 × 4 / side,75 sec,4,"Use the step to create momentum, plant firmly, then rotate and throw explosively.","Light ball, maximal speed."
Dirt Range — Infielder First-Step & Throwing Power,"Evidence-informed offseason infielder program. Priorities: 0–10 yd acceleration, lateral/crossover first-step speed, braking and re-acceleration, unilateral and frontal-plane strength, rotational power, upper-back strength and throwing-arm durability. Speed and power stay low-volume and high-quality.",tue,Tue,Tuesday,Day 2 — Rotation + High-Throw Support,Strength,Develop rotational power and scapular/upper-back strength without burying the throwing arm.,Infielder Upper / Throw,THROW,60–75 min,true,2,Half-Kneeling Landmine Press,3 × 6 / side,90 sec,3,Squeeze the down-side glute and reach up-forward with ribs controlled.,Shoulder-friendly press; do not grind.
Dirt Range — Infielder First-Step & Throwing Power,"Evidence-informed offseason infielder program. Priorities: 0–10 yd acceleration, lateral/crossover first-step speed, braking and re-acceleration, unilateral and frontal-plane strength, rotational power, upper-back strength and throwing-arm durability. Speed and power stay low-volume and high-quality.",tue,Tue,Tuesday,Day 2 — Rotation + High-Throw Support,Strength,Develop rotational power and scapular/upper-back strength without burying the throwing arm.,Infielder Upper / Throw,THROW,60–75 min,true,3,Chest-Supported Row,4 × 8,90 sec,4,"Reach fully, then pull elbows toward the back pockets without shrugging.",Make the upper back do the work.
Dirt Range — Infielder First-Step & Throwing Power,"Evidence-informed offseason infielder program. Priorities: 0–10 yd acceleration, lateral/crossover first-step speed, braking and re-acceleration, unilateral and frontal-plane strength, rotational power, upper-back strength and throwing-arm durability. Speed and power stay low-volume and high-quality.",tue,Tue,Tuesday,Day 2 — Rotation + High-Throw Support,Strength,Develop rotational power and scapular/upper-back strength without burying the throwing arm.,Infielder Upper / Throw,THROW,60–75 min,true,4,Neutral-Grip Pulldown or Pull-Up,3 × 6–10,90 sec,3,Pull elbows toward the ribs while keeping the neck long.,Use assistance if needed for clean reps.
Dirt Range — Infielder First-Step & Throwing Power,"Evidence-informed offseason infielder program. Priorities: 0–10 yd acceleration, lateral/crossover first-step speed, braking and re-acceleration, unilateral and frontal-plane strength, rotational power, upper-back strength and throwing-arm durability. Speed and power stay low-volume and high-quality.",tue,Tue,Tuesday,Day 2 — Rotation + High-Throw Support,Strength,Develop rotational power and scapular/upper-back strength without burying the throwing arm.,Infielder Upper / Throw,THROW,60–75 min,true,5,Cable Lift,3 × 8 / side,75 sec,3,"Drive from the floor and hip, then rotate the ribcage over a controlled pelvis.","Fast pull, controlled return."
Dirt Range — Infielder First-Step & Throwing Power,"Evidence-informed offseason infielder program. Priorities: 0–10 yd acceleration, lateral/crossover first-step speed, braking and re-acceleration, unilateral and frontal-plane strength, rotational power, upper-back strength and throwing-arm durability. Speed and power stay low-volume and high-quality.",tue,Tue,Tuesday,Day 2 — Rotation + High-Throw Support,Strength,Develop rotational power and scapular/upper-back strength without burying the throwing arm.,Infielder Upper / Throw,THROW,60–75 min,true,6,Push-Up Plus,2 × 12–15,60 sec,2,Keep the trunk rigid and finish by reaching the floor away.,"Quality serratus work, not failure work."
Dirt Range — Infielder First-Step & Throwing Power,"Evidence-informed offseason infielder program. Priorities: 0–10 yd acceleration, lateral/crossover first-step speed, braking and re-acceleration, unilateral and frontal-plane strength, rotational power, upper-back strength and throwing-arm durability. Speed and power stay low-volume and high-quality.",tue,Tue,Tuesday,Day 2 — Rotation + High-Throw Support,Strength,Develop rotational power and scapular/upper-back strength without burying the throwing arm.,Infielder Upper / Throw,THROW,60–75 min,true,7,Cable External Rotation at 90°,2 × 12 / side,60 sec,2,Keep the upper arm level and rotate from the shoulder.,Light arm-care loading only.
Dirt Range — Infielder First-Step & Throwing Power,"Evidence-informed offseason infielder program. Priorities: 0–10 yd acceleration, lateral/crossover first-step speed, braking and re-acceleration, unilateral and frontal-plane strength, rotational power, upper-back strength and throwing-arm durability. Speed and power stay low-volume and high-quality.",wed,Wed,Wednesday,"Recovery — Hips, Groin, Ankles & T-Spine",Recover,Maintain fielding positions and throwing mobility while unloading the nervous system.,Infielder Reset,RECOVER,25–35 min,false,1,90/90 Hip Switch,2 × 8 / side,30 sec,2,Rotate both hips under control while staying tall.,Use the hands for support if needed.
Dirt Range — Infielder First-Step & Throwing Power,"Evidence-informed offseason infielder program. Priorities: 0–10 yd acceleration, lateral/crossover first-step speed, braking and re-acceleration, unilateral and frontal-plane strength, rotational power, upper-back strength and throwing-arm durability. Speed and power stay low-volume and high-quality.",wed,Wed,Wednesday,"Recovery — Hips, Groin, Ankles & T-Spine",Recover,Maintain fielding positions and throwing mobility while unloading the nervous system.,Infielder Reset,RECOVER,25–35 min,false,2,Adductor Rock-Back,2 × 10 / side,30 sec,2,Sit the hips back while keeping the spine neutral.,Gentle inner-thigh load only.
Dirt Range — Infielder First-Step & Throwing Power,"Evidence-informed offseason infielder program. Priorities: 0–10 yd acceleration, lateral/crossover first-step speed, braking and re-acceleration, unilateral and frontal-plane strength, rotational power, upper-back strength and throwing-arm durability. Speed and power stay low-volume and high-quality.",wed,Wed,Wednesday,"Recovery — Hips, Groin, Ankles & T-Spine",Recover,Maintain fielding positions and throwing mobility while unloading the nervous system.,Infielder Reset,RECOVER,25–35 min,false,3,Knee-to-Wall Ankle Mobilization,2 × 10 / side,30 sec,2,Drive the knee forward over the toes without the heel lifting.,Smooth controlled reps.
Dirt Range — Infielder First-Step & Throwing Power,"Evidence-informed offseason infielder program. Priorities: 0–10 yd acceleration, lateral/crossover first-step speed, braking and re-acceleration, unilateral and frontal-plane strength, rotational power, upper-back strength and throwing-arm durability. Speed and power stay low-volume and high-quality.",wed,Wed,Wednesday,"Recovery — Hips, Groin, Ankles & T-Spine",Recover,Maintain fielding positions and throwing mobility while unloading the nervous system.,Infielder Reset,RECOVER,25–35 min,false,4,Open-Book T-Spine Rotation,2 × 8 / side,30 sec,2,Keep the knees stacked and rotate the upper back.,Exhale at the end range.
Dirt Range — Infielder First-Step & Throwing Power,"Evidence-informed offseason infielder program. Priorities: 0–10 yd acceleration, lateral/crossover first-step speed, braking and re-acceleration, unilateral and frontal-plane strength, rotational power, upper-back strength and throwing-arm durability. Speed and power stay low-volume and high-quality.",wed,Wed,Wednesday,"Recovery — Hips, Groin, Ankles & T-Spine",Recover,Maintain fielding positions and throwing mobility while unloading the nervous system.,Infielder Reset,RECOVER,25–35 min,false,5,Easy Cardio,20–25 min easy,—,1,Stay conversational.,"Bike, walk or light jog."
Dirt Range — Infielder First-Step & Throwing Power,"Evidence-informed offseason infielder program. Priorities: 0–10 yd acceleration, lateral/crossover first-step speed, braking and re-acceleration, unilateral and frontal-plane strength, rotational power, upper-back strength and throwing-arm durability. Speed and power stay low-volume and high-quality.",thu,Thu,Thursday,Day 3 — Lateral Range + Braking,Power,"Train the ability to create lateral force, crossover efficiently, brake under control and re-accelerate.",Infielder Range,RANGE,50–65 min,true,1,Lateral Bound to Stick,4 × 3 / side,90 sec,4,"Push laterally, land over the foot and own the landing before resetting.",Pelvis level; knee tracks over toes.
Dirt Range — Infielder First-Step & Throwing Power,"Evidence-informed offseason infielder program. Priorities: 0–10 yd acceleration, lateral/crossover first-step speed, braking and re-acceleration, unilateral and frontal-plane strength, rotational power, upper-back strength and throwing-arm durability. Speed and power stay low-volume and high-quality.",thu,Thu,Thursday,Day 3 — Lateral Range + Braking,Power,"Train the ability to create lateral force, crossover efficiently, brake under control and re-accelerate.",Infielder Range,RANGE,50–65 min,true,2,Crossover Start,4 × 5 yd / side,75 sec,4,"Open and cross quickly, push the ground away and accelerate through the line.",Do not stand up before creating horizontal force.
Dirt Range — Infielder First-Step & Throwing Power,"Evidence-informed offseason infielder program. Priorities: 0–10 yd acceleration, lateral/crossover first-step speed, braking and re-acceleration, unilateral and frontal-plane strength, rotational power, upper-back strength and throwing-arm durability. Speed and power stay low-volume and high-quality.",thu,Thu,Thursday,Day 3 — Lateral Range + Braking,Power,"Train the ability to create lateral force, crossover efficiently, brake under control and re-accelerate.",Infielder Range,RANGE,50–65 min,true,3,Shuffle-to-Sprint,4 × 2 / side,75–90 sec,4,"Shuffle under control, plant beneath the hip and burst forward.",Avoid reaching for the cut.
Dirt Range — Infielder First-Step & Throwing Power,"Evidence-informed offseason infielder program. Priorities: 0–10 yd acceleration, lateral/crossover first-step speed, braking and re-acceleration, unilateral and frontal-plane strength, rotational power, upper-back strength and throwing-arm durability. Speed and power stay low-volume and high-quality.",thu,Thu,Thursday,Day 3 — Lateral Range + Braking,Power,"Train the ability to create lateral force, crossover efficiently, brake under control and re-accelerate.",Infielder Range,RANGE,50–65 min,true,4,10-Yard Sprint to Controlled Stop,4 reps,90 sec,4,"Accelerate hard, lower the center of mass before braking and use several controlled steps.",Train braking; never jam one violent stop.
Dirt Range — Infielder First-Step & Throwing Power,"Evidence-informed offseason infielder program. Priorities: 0–10 yd acceleration, lateral/crossover first-step speed, braking and re-acceleration, unilateral and frontal-plane strength, rotational power, upper-back strength and throwing-arm durability. Speed and power stay low-volume and high-quality.",thu,Thu,Thursday,Day 3 — Lateral Range + Braking,Power,"Train the ability to create lateral force, crossover efficiently, brake under control and re-accelerate.",Infielder Range,RANGE,50–65 min,true,5,Medicine-Ball Rotational Scoop Toss,4 × 4 / side,75 sec,4,"Load the back hip, rotate the pelvis and whip the ball through the wall.",Maximum intent with a light ball.
Dirt Range — Infielder First-Step & Throwing Power,"Evidence-informed offseason infielder program. Priorities: 0–10 yd acceleration, lateral/crossover first-step speed, braking and re-acceleration, unilateral and frontal-plane strength, rotational power, upper-back strength and throwing-arm durability. Speed and power stay low-volume and high-quality.",thu,Thu,Thursday,Day 3 — Lateral Range + Braking,Power,"Train the ability to create lateral force, crossover efficiently, brake under control and re-accelerate.",Infielder Range,RANGE,50–65 min,true,6,Low Pogo Jump,3 × 15–20 contacts,60 sec,3,Stay tall and spring rapidly from the ankles.,Short ground contacts; stop if stiffness disappears.
Dirt Range — Infielder First-Step & Throwing Power,"Evidence-informed offseason infielder program. Priorities: 0–10 yd acceleration, lateral/crossover first-step speed, braking and re-acceleration, unilateral and frontal-plane strength, rotational power, upper-back strength and throwing-arm durability. Speed and power stay low-volume and high-quality.",fri,Fri,Friday,Day 4 — Multi-Planar Strength,Strength,"Reinforce bilateral strength while giving the hips, trunk and legs enough frontal/transverse-plane work for infield movement.",Infielder Total Body,BUILD,65–80 min,true,1,Front Squat or Hack Squat,4 × 4–6,2–3 min,4,"Brace, sit between the hips and drive straight up.",Leave 1–2 reps in reserve.
Dirt Range — Infielder First-Step & Throwing Power,"Evidence-informed offseason infielder program. Priorities: 0–10 yd acceleration, lateral/crossover first-step speed, braking and re-acceleration, unilateral and frontal-plane strength, rotational power, upper-back strength and throwing-arm durability. Speed and power stay low-volume and high-quality.",fri,Fri,Friday,Day 4 — Multi-Planar Strength,Strength,"Reinforce bilateral strength while giving the hips, trunk and legs enough frontal/transverse-plane work for infield movement.",Infielder Total Body,BUILD,65–80 min,true,2,Romanian Deadlift,3 × 6–8,2 min,3,Push the hips back and keep the load close to the legs.,"Strong hamstring tension, neutral spine."
Dirt Range — Infielder First-Step & Throwing Power,"Evidence-informed offseason infielder program. Priorities: 0–10 yd acceleration, lateral/crossover first-step speed, braking and re-acceleration, unilateral and frontal-plane strength, rotational power, upper-back strength and throwing-arm durability. Speed and power stay low-volume and high-quality.",fri,Fri,Friday,Day 4 — Multi-Planar Strength,Strength,"Reinforce bilateral strength while giving the hips, trunk and legs enough frontal/transverse-plane work for infield movement.",Infielder Total Body,BUILD,65–80 min,true,3,Lateral Step-Up,3 × 8 / side,90 sec,3,Drive through the working leg and keep the pelvis level.,Minimize push from the trailing foot.
Dirt Range — Infielder First-Step & Throwing Power,"Evidence-informed offseason infielder program. Priorities: 0–10 yd acceleration, lateral/crossover first-step speed, braking and re-acceleration, unilateral and frontal-plane strength, rotational power, upper-back strength and throwing-arm durability. Speed and power stay low-volume and high-quality.",fri,Fri,Friday,Day 4 — Multi-Planar Strength,Strength,"Reinforce bilateral strength while giving the hips, trunk and legs enough frontal/transverse-plane work for infield movement.",Infielder Total Body,BUILD,65–80 min,true,4,Incline Dumbbell Press,3 × 8,90 sec,3,Press through a comfortable path with the ribs stacked.,Neutral grip if preferred.
Dirt Range — Infielder First-Step & Throwing Power,"Evidence-informed offseason infielder program. Priorities: 0–10 yd acceleration, lateral/crossover first-step speed, braking and re-acceleration, unilateral and frontal-plane strength, rotational power, upper-back strength and throwing-arm durability. Speed and power stay low-volume and high-quality.",fri,Fri,Friday,Day 4 — Multi-Planar Strength,Strength,"Reinforce bilateral strength while giving the hips, trunk and legs enough frontal/transverse-plane work for infield movement.",Infielder Total Body,BUILD,65–80 min,true,5,One-Arm Cable Row,3 × 8 / side,75 sec,3,"Reach long, then row while the pelvis stays square.",Controlled trunk; let the scapula glide.
Dirt Range — Infielder First-Step & Throwing Power,"Evidence-informed offseason infielder program. Priorities: 0–10 yd acceleration, lateral/crossover first-step speed, braking and re-acceleration, unilateral and frontal-plane strength, rotational power, upper-back strength and throwing-arm durability. Speed and power stay low-volume and high-quality.",fri,Fri,Friday,Day 4 — Multi-Planar Strength,Strength,"Reinforce bilateral strength while giving the hips, trunk and legs enough frontal/transverse-plane work for infield movement.",Infielder Total Body,BUILD,65–80 min,true,6,Cable Chop,3 × 8 / side,75 sec,3,Rotate through the ribcage while keeping control of the pelvis.,"Move athletically, not with the arms alone."
Dirt Range — Infielder First-Step & Throwing Power,"Evidence-informed offseason infielder program. Priorities: 0–10 yd acceleration, lateral/crossover first-step speed, braking and re-acceleration, unilateral and frontal-plane strength, rotational power, upper-back strength and throwing-arm durability. Speed and power stay low-volume and high-quality.",fri,Fri,Friday,Day 4 — Multi-Planar Strength,Strength,"Reinforce bilateral strength while giving the hips, trunk and legs enough frontal/transverse-plane work for infield movement.",Infielder Total Body,BUILD,65–80 min,true,7,Suitcase Carry,3 × 25–35 m / side,60 sec,3,Walk tall and resist lateral trunk bend.,"Strong grip, quiet torso."
Dirt Range — Infielder First-Step & Throwing Power,"Evidence-informed offseason infielder program. Priorities: 0–10 yd acceleration, lateral/crossover first-step speed, braking and re-acceleration, unilateral and frontal-plane strength, rotational power, upper-back strength and throwing-arm durability. Speed and power stay low-volume and high-quality.",sat,Sat,Saturday,Optional — Fielding Skill + Easy Aerobic,Recover,"Use this for low-fatigue fielding skill and aerobic work. Throwing volume belongs inside the baseball workload plan, not on top of it.",Skill / Aerobic,EASY,25–40 min,false,1,"Bike, Walk or Light Jog",25–35 min Zone 2,—,1,Keep the effort conversational.,Do not turn recovery day into conditioning punishment.
Dirt Range — Infielder First-Step & Throwing Power,"Evidence-informed offseason infielder program. Priorities: 0–10 yd acceleration, lateral/crossover first-step speed, braking and re-acceleration, unilateral and frontal-plane strength, rotational power, upper-back strength and throwing-arm durability. Speed and power stay low-volume and high-quality.",sun,Sun,Sunday,Rest,Rest,Full rest. Normal walking is fine.,,,,,,,,,,,
Gap Hunter — Outfielder Speed & Arm Strength,"Evidence-informed offseason outfielder program. Priorities: acceleration into high-speed running, max-velocity exposure, posterior-chain and hamstring strength, long-stride power, deceleration, jumping, rotational power and shoulder/upper-back strength for longer throws. Sprint quality takes priority over fatigue.",mon,Mon,Monday,Day 1 — Acceleration + Posterior-Chain Force,Strength,Build the horizontal force and posterior-chain strength that support fast first steps and longer running actions.,Outfielder Accel / Force,FORCE,70–85 min,true,1,10-Yard Acceleration,4 × 10 yd,90 sec,4,"Push backward into the ground, stay projected forward and rise gradually.",Every rep fast; full walk-back recovery.
Gap Hunter — Outfielder Speed & Arm Strength,"Evidence-informed offseason outfielder program. Priorities: acceleration into high-speed running, max-velocity exposure, posterior-chain and hamstring strength, long-stride power, deceleration, jumping, rotational power and shoulder/upper-back strength for longer throws. Sprint quality takes priority over fatigue.",mon,Mon,Monday,Day 1 — Acceleration + Posterior-Chain Force,Strength,Build the horizontal force and posterior-chain strength that support fast first steps and longer running actions.,Outfielder Accel / Force,FORCE,70–85 min,true,2,20-Yard Acceleration,3 × 20 yd,2 min,3,Build smoothly through the first 10 yards and stay relaxed as stride length opens.,Stop if speed drops.
Gap Hunter — Outfielder Speed & Arm Strength,"Evidence-informed offseason outfielder program. Priorities: acceleration into high-speed running, max-velocity exposure, posterior-chain and hamstring strength, long-stride power, deceleration, jumping, rotational power and shoulder/upper-back strength for longer throws. Sprint quality takes priority over fatigue.",mon,Mon,Monday,Day 1 — Acceleration + Posterior-Chain Force,Strength,Build the horizontal force and posterior-chain strength that support fast first steps and longer running actions.,Outfielder Accel / Force,FORCE,70–85 min,true,3,Trap-Bar Deadlift,4 × 4,3 min,4,"Brace hard, push the floor away and finish tall.",Leave 1–2 reps in reserve.
Gap Hunter — Outfielder Speed & Arm Strength,"Evidence-informed offseason outfielder program. Priorities: acceleration into high-speed running, max-velocity exposure, posterior-chain and hamstring strength, long-stride power, deceleration, jumping, rotational power and shoulder/upper-back strength for longer throws. Sprint quality takes priority over fatigue.",mon,Mon,Monday,Day 1 — Acceleration + Posterior-Chain Force,Strength,Build the horizontal force and posterior-chain strength that support fast first steps and longer running actions.,Outfielder Accel / Force,FORCE,70–85 min,true,4,Rear-Foot-Elevated Split Squat,3 × 6 / side,2 min,3,Keep the front foot rooted and drive aggressively through the floor.,Control the descent.
Gap Hunter — Outfielder Speed & Arm Strength,"Evidence-informed offseason outfielder program. Priorities: acceleration into high-speed running, max-velocity exposure, posterior-chain and hamstring strength, long-stride power, deceleration, jumping, rotational power and shoulder/upper-back strength for longer throws. Sprint quality takes priority over fatigue.",mon,Mon,Monday,Day 1 — Acceleration + Posterior-Chain Force,Strength,Build the horizontal force and posterior-chain strength that support fast first steps and longer running actions.,Outfielder Accel / Force,FORCE,70–85 min,true,5,Barbell or Machine Hip Thrust,3 × 6–8,90 sec,3,Finish with glutes while keeping the ribs down.,Do not hyperextend the low back.
Gap Hunter — Outfielder Speed & Arm Strength,"Evidence-informed offseason outfielder program. Priorities: acceleration into high-speed running, max-velocity exposure, posterior-chain and hamstring strength, long-stride power, deceleration, jumping, rotational power and shoulder/upper-back strength for longer throws. Sprint quality takes priority over fatigue.",mon,Mon,Monday,Day 1 — Acceleration + Posterior-Chain Force,Strength,Build the horizontal force and posterior-chain strength that support fast first steps and longer running actions.,Outfielder Accel / Force,FORCE,70–85 min,true,6,Nordic Hamstring Curl or Slow-Eccentric Leg Curl,3 × 4–6,2 min,3,Keep hips extended and lower under control as long as possible.,Use assistance as needed; eccentric quality matters more than depth.
Gap Hunter — Outfielder Speed & Arm Strength,"Evidence-informed offseason outfielder program. Priorities: acceleration into high-speed running, max-velocity exposure, posterior-chain and hamstring strength, long-stride power, deceleration, jumping, rotational power and shoulder/upper-back strength for longer throws. Sprint quality takes priority over fatigue.",mon,Mon,Monday,Day 1 — Acceleration + Posterior-Chain Force,Strength,Build the horizontal force and posterior-chain strength that support fast first steps and longer running actions.,Outfielder Accel / Force,FORCE,70–85 min,true,7,Straight-Knee Calf Raise,3 × 10–12,60 sec,3,Reach full plantar flexion and lower under control.,Build calf capacity for repeated sprinting.
Gap Hunter — Outfielder Speed & Arm Strength,"Evidence-informed offseason outfielder program. Priorities: acceleration into high-speed running, max-velocity exposure, posterior-chain and hamstring strength, long-stride power, deceleration, jumping, rotational power and shoulder/upper-back strength for longer throws. Sprint quality takes priority over fatigue.",tue,Tue,Tuesday,Day 2 — Long-Throw Support + Upper Strength,Strength,"Train upper-back strength, rotational power and shoulder support for outfield throwing without unnecessary pressing fatigue.",Outfielder Upper / Arm,THROW,60–75 min,true,1,Medicine-Ball Step-Behind Rotational Throw,4 × 4 / side,75 sec,4,"Create momentum with the step, brace the front side and rotate explosively.","Light ball, maximal velocity."
Gap Hunter — Outfielder Speed & Arm Strength,"Evidence-informed offseason outfielder program. Priorities: acceleration into high-speed running, max-velocity exposure, posterior-chain and hamstring strength, long-stride power, deceleration, jumping, rotational power and shoulder/upper-back strength for longer throws. Sprint quality takes priority over fatigue.",tue,Tue,Tuesday,Day 2 — Long-Throw Support + Upper Strength,Strength,"Train upper-back strength, rotational power and shoulder support for outfield throwing without unnecessary pressing fatigue.",Outfielder Upper / Arm,THROW,60–75 min,true,2,Half-Kneeling Landmine Press,3 × 6 / side,90 sec,3,Squeeze the down-side glute and reach up-forward without shrugging.,Keep ribs stacked.
Gap Hunter — Outfielder Speed & Arm Strength,"Evidence-informed offseason outfielder program. Priorities: acceleration into high-speed running, max-velocity exposure, posterior-chain and hamstring strength, long-stride power, deceleration, jumping, rotational power and shoulder/upper-back strength for longer throws. Sprint quality takes priority over fatigue.",tue,Tue,Tuesday,Day 2 — Long-Throw Support + Upper Strength,Strength,"Train upper-back strength, rotational power and shoulder support for outfield throwing without unnecessary pressing fatigue.",Outfielder Upper / Arm,THROW,60–75 min,true,3,Chest-Supported Row,4 × 8,90 sec,4,"Reach long, then pull elbows back without extending the low back.",Pause briefly at the top.
Gap Hunter — Outfielder Speed & Arm Strength,"Evidence-informed offseason outfielder program. Priorities: acceleration into high-speed running, max-velocity exposure, posterior-chain and hamstring strength, long-stride power, deceleration, jumping, rotational power and shoulder/upper-back strength for longer throws. Sprint quality takes priority over fatigue.",tue,Tue,Tuesday,Day 2 — Long-Throw Support + Upper Strength,Strength,"Train upper-back strength, rotational power and shoulder support for outfield throwing without unnecessary pressing fatigue.",Outfielder Upper / Arm,THROW,60–75 min,true,4,Neutral-Grip Pull-Up or Lat Pulldown,3 × 6–10,90 sec,3,Pull elbows toward the ribs while keeping the shoulders away from the ears.,Clean reps only.
Gap Hunter — Outfielder Speed & Arm Strength,"Evidence-informed offseason outfielder program. Priorities: acceleration into high-speed running, max-velocity exposure, posterior-chain and hamstring strength, long-stride power, deceleration, jumping, rotational power and shoulder/upper-back strength for longer throws. Sprint quality takes priority over fatigue.",tue,Tue,Tuesday,Day 2 — Long-Throw Support + Upper Strength,Strength,"Train upper-back strength, rotational power and shoulder support for outfield throwing without unnecessary pressing fatigue.",Outfielder Upper / Arm,THROW,60–75 min,true,5,One-Arm Cable Row With Reach,3 × 8 / side,75 sec,3,"Reach the shoulder blade around the ribcage, then row without yanking the trunk.",Controlled scapular movement.
Gap Hunter — Outfielder Speed & Arm Strength,"Evidence-informed offseason outfielder program. Priorities: acceleration into high-speed running, max-velocity exposure, posterior-chain and hamstring strength, long-stride power, deceleration, jumping, rotational power and shoulder/upper-back strength for longer throws. Sprint quality takes priority over fatigue.",tue,Tue,Tuesday,Day 2 — Long-Throw Support + Upper Strength,Strength,"Train upper-back strength, rotational power and shoulder support for outfield throwing without unnecessary pressing fatigue.",Outfielder Upper / Arm,THROW,60–75 min,true,6,Push-Up Plus,2 × 12–15,60 sec,2,Keep the body rigid and finish by reaching the floor away.,Do not chase fatigue.
Gap Hunter — Outfielder Speed & Arm Strength,"Evidence-informed offseason outfielder program. Priorities: acceleration into high-speed running, max-velocity exposure, posterior-chain and hamstring strength, long-stride power, deceleration, jumping, rotational power and shoulder/upper-back strength for longer throws. Sprint quality takes priority over fatigue.",tue,Tue,Tuesday,Day 2 — Long-Throw Support + Upper Strength,Strength,"Train upper-back strength, rotational power and shoulder support for outfield throwing without unnecessary pressing fatigue.",Outfielder Upper / Arm,THROW,60–75 min,true,7,Cable External Rotation at 90°,2 × 12 / side,60 sec,2,Rotate from the shoulder with the upper arm level.,Light arm-care load.
Gap Hunter — Outfielder Speed & Arm Strength,"Evidence-informed offseason outfielder program. Priorities: acceleration into high-speed running, max-velocity exposure, posterior-chain and hamstring strength, long-stride power, deceleration, jumping, rotational power and shoulder/upper-back strength for longer throws. Sprint quality takes priority over fatigue.",wed,Wed,Wednesday,"Recovery — Hamstrings, Hips & T-Spine",Recover,Recover from sprint exposure while maintaining hip and upper-back motion.,Outfielder Reset,RECOVER,25–35 min,false,1,90/90 Hip Switch,2 × 8 / side,30 sec,2,Rotate through both hips under control.,Stay tall; do not force range.
Gap Hunter — Outfielder Speed & Arm Strength,"Evidence-informed offseason outfielder program. Priorities: acceleration into high-speed running, max-velocity exposure, posterior-chain and hamstring strength, long-stride power, deceleration, jumping, rotational power and shoulder/upper-back strength for longer throws. Sprint quality takes priority over fatigue.",wed,Wed,Wednesday,"Recovery — Hamstrings, Hips & T-Spine",Recover,Recover from sprint exposure while maintaining hip and upper-back motion.,Outfielder Reset,RECOVER,25–35 min,false,2,Adductor Rock-Back,2 × 10 / side,30 sec,2,Sit the hips back until the inner thigh loads gently.,Keep spine neutral.
Gap Hunter — Outfielder Speed & Arm Strength,"Evidence-informed offseason outfielder program. Priorities: acceleration into high-speed running, max-velocity exposure, posterior-chain and hamstring strength, long-stride power, deceleration, jumping, rotational power and shoulder/upper-back strength for longer throws. Sprint quality takes priority over fatigue.",wed,Wed,Wednesday,"Recovery — Hamstrings, Hips & T-Spine",Recover,Recover from sprint exposure while maintaining hip and upper-back motion.,Outfielder Reset,RECOVER,25–35 min,false,3,Hamstring Floss,2 × 8 / side,30 sec,2,Move in and out of a light hamstring stretch without forcing end range.,"This is mobility, not aggressive stretching."
Gap Hunter — Outfielder Speed & Arm Strength,"Evidence-informed offseason outfielder program. Priorities: acceleration into high-speed running, max-velocity exposure, posterior-chain and hamstring strength, long-stride power, deceleration, jumping, rotational power and shoulder/upper-back strength for longer throws. Sprint quality takes priority over fatigue.",wed,Wed,Wednesday,"Recovery — Hamstrings, Hips & T-Spine",Recover,Recover from sprint exposure while maintaining hip and upper-back motion.,Outfielder Reset,RECOVER,25–35 min,false,4,Open-Book T-Spine Rotation,2 × 8 / side,30 sec,2,Rotate the upper back while keeping the knees stacked.,Breathe out at end range.
Gap Hunter — Outfielder Speed & Arm Strength,"Evidence-informed offseason outfielder program. Priorities: acceleration into high-speed running, max-velocity exposure, posterior-chain and hamstring strength, long-stride power, deceleration, jumping, rotational power and shoulder/upper-back strength for longer throws. Sprint quality takes priority over fatigue.",wed,Wed,Wednesday,"Recovery — Hamstrings, Hips & T-Spine",Recover,Recover from sprint exposure while maintaining hip and upper-back motion.,Outfielder Reset,RECOVER,25–35 min,false,5,Easy Bike or Walk,20–25 min easy,—,1,Keep breathing conversational.,Prefer low impact if sprint legs are sore.
Gap Hunter — Outfielder Speed & Arm Strength,"Evidence-informed offseason outfielder program. Priorities: acceleration into high-speed running, max-velocity exposure, posterior-chain and hamstring strength, long-stride power, deceleration, jumping, rotational power and shoulder/upper-back strength for longer throws. Sprint quality takes priority over fatigue.",thu,Thu,Thursday,Day 3 — Max Velocity + Range Power,Power,"Expose the athlete to true fast running, elastic power and safe braking—qualities outfielders need more than other positions.",Outfielder Speed,SPEED,50–65 min,true,1,Build-Up Sprint + Flying 10,4–5 reps,2.5–3 min,5,"Accelerate smoothly for 15–20 yd, then run the fly zone tall, fast and relaxed.",Needs adequate space. Stop when speed or relaxation drops.
Gap Hunter — Outfielder Speed & Arm Strength,"Evidence-informed offseason outfielder program. Priorities: acceleration into high-speed running, max-velocity exposure, posterior-chain and hamstring strength, long-stride power, deceleration, jumping, rotational power and shoulder/upper-back strength for longer throws. Sprint quality takes priority over fatigue.",thu,Thu,Thursday,Day 3 — Max Velocity + Range Power,Power,"Expose the athlete to true fast running, elastic power and safe braking—qualities outfielders need more than other positions.",Outfielder Speed,SPEED,50–65 min,true,2,Bounding,3 × 20 m,2 min,3,Project forward with elastic contacts and coordinated arm action.,Keep rhythm; do not overreach.
Gap Hunter — Outfielder Speed & Arm Strength,"Evidence-informed offseason outfielder program. Priorities: acceleration into high-speed running, max-velocity exposure, posterior-chain and hamstring strength, long-stride power, deceleration, jumping, rotational power and shoulder/upper-back strength for longer throws. Sprint quality takes priority over fatigue.",thu,Thu,Thursday,Day 3 — Max Velocity + Range Power,Power,"Expose the athlete to true fast running, elastic power and safe braking—qualities outfielders need more than other positions.",Outfielder Speed,SPEED,50–65 min,true,3,Broad Jump,4 × 3,90 sec,4,Project forward powerfully and land under control.,Full reset between jumps.
Gap Hunter — Outfielder Speed & Arm Strength,"Evidence-informed offseason outfielder program. Priorities: acceleration into high-speed running, max-velocity exposure, posterior-chain and hamstring strength, long-stride power, deceleration, jumping, rotational power and shoulder/upper-back strength for longer throws. Sprint quality takes priority over fatigue.",thu,Thu,Thursday,Day 3 — Max Velocity + Range Power,Power,"Expose the athlete to true fast running, elastic power and safe braking—qualities outfielders need more than other positions.",Outfielder Speed,SPEED,50–65 min,true,4,Backpedal / Open / Go,4 × 10–15 yd / side,90 sec,4,"Open the hips cleanly, accelerate out of the turn and keep the head quiet.",Quality footwork; do not cross over awkwardly.
Gap Hunter — Outfielder Speed & Arm Strength,"Evidence-informed offseason outfielder program. Priorities: acceleration into high-speed running, max-velocity exposure, posterior-chain and hamstring strength, long-stride power, deceleration, jumping, rotational power and shoulder/upper-back strength for longer throws. Sprint quality takes priority over fatigue.",thu,Thu,Thursday,Day 3 — Max Velocity + Range Power,Power,"Expose the athlete to true fast running, elastic power and safe braking—qualities outfielders need more than other positions.",Outfielder Speed,SPEED,50–65 min,true,5,15-Yard Sprint to Controlled Deceleration,4 reps,90 sec,4,"Sprint fast, lower the center of mass early and brake over several controlled contacts.",Deceleration is a skill; avoid one-step hard stops.
Gap Hunter — Outfielder Speed & Arm Strength,"Evidence-informed offseason outfielder program. Priorities: acceleration into high-speed running, max-velocity exposure, posterior-chain and hamstring strength, long-stride power, deceleration, jumping, rotational power and shoulder/upper-back strength for longer throws. Sprint quality takes priority over fatigue.",thu,Thu,Thursday,Day 3 — Max Velocity + Range Power,Power,"Expose the athlete to true fast running, elastic power and safe braking—qualities outfielders need more than other positions.",Outfielder Speed,SPEED,50–65 min,true,6,Medicine-Ball Rotational Scoop Toss,4 × 4 / side,75 sec,4,"Load the hip, rotate from the ground up and throw with maximum intent.",Use a light ball that stays fast.
Gap Hunter — Outfielder Speed & Arm Strength,"Evidence-informed offseason outfielder program. Priorities: acceleration into high-speed running, max-velocity exposure, posterior-chain and hamstring strength, long-stride power, deceleration, jumping, rotational power and shoulder/upper-back strength for longer throws. Sprint quality takes priority over fatigue.",fri,Fri,Friday,Day 4 — Total-Body Strength + Hamstring Armor,Strength,Reinforce force production while giving extra posterior-chain and unilateral work to support high-speed running durability.,Outfielder Total Body,BUILD,65–80 min,true,1,Front Squat or Hack Squat,4 × 4–6,2–3 min,4,"Brace, sit between the hips and drive through the whole foot.",No grinders; leave 1–2 reps in reserve.
Gap Hunter — Outfielder Speed & Arm Strength,"Evidence-informed offseason outfielder program. Priorities: acceleration into high-speed running, max-velocity exposure, posterior-chain and hamstring strength, long-stride power, deceleration, jumping, rotational power and shoulder/upper-back strength for longer throws. Sprint quality takes priority over fatigue.",fri,Fri,Friday,Day 4 — Total-Body Strength + Hamstring Armor,Strength,Reinforce force production while giving extra posterior-chain and unilateral work to support high-speed running durability.,Outfielder Total Body,BUILD,65–80 min,true,2,Romanian Deadlift,3 × 6–8,2 min,3,"Push the hips back, keep the load close and maintain a neutral spine.",Strong hamstring tension throughout.
Gap Hunter — Outfielder Speed & Arm Strength,"Evidence-informed offseason outfielder program. Priorities: acceleration into high-speed running, max-velocity exposure, posterior-chain and hamstring strength, long-stride power, deceleration, jumping, rotational power and shoulder/upper-back strength for longer throws. Sprint quality takes priority over fatigue.",fri,Fri,Friday,Day 4 — Total-Body Strength + Hamstring Armor,Strength,Reinforce force production while giving extra posterior-chain and unilateral work to support high-speed running durability.,Outfielder Total Body,BUILD,65–80 min,true,3,Walking Lunge,3 × 8 / side,90 sec,3,Step long enough to stay stable and drive through the front leg.,Control pelvis and knee alignment.
Gap Hunter — Outfielder Speed & Arm Strength,"Evidence-informed offseason outfielder program. Priorities: acceleration into high-speed running, max-velocity exposure, posterior-chain and hamstring strength, long-stride power, deceleration, jumping, rotational power and shoulder/upper-back strength for longer throws. Sprint quality takes priority over fatigue.",fri,Fri,Friday,Day 4 — Total-Body Strength + Hamstring Armor,Strength,Reinforce force production while giving extra posterior-chain and unilateral work to support high-speed running durability.,Outfielder Total Body,BUILD,65–80 min,true,4,Incline Dumbbell Press,3 × 8,90 sec,3,Press through a comfortable path with the shoulder blades controlled.,Neutral grip if preferred.
Gap Hunter — Outfielder Speed & Arm Strength,"Evidence-informed offseason outfielder program. Priorities: acceleration into high-speed running, max-velocity exposure, posterior-chain and hamstring strength, long-stride power, deceleration, jumping, rotational power and shoulder/upper-back strength for longer throws. Sprint quality takes priority over fatigue.",fri,Fri,Friday,Day 4 — Total-Body Strength + Hamstring Armor,Strength,Reinforce force production while giving extra posterior-chain and unilateral work to support high-speed running durability.,Outfielder Total Body,BUILD,65–80 min,true,5,One-Arm Cable Row,3 × 8 / side,75 sec,3,"Reach long, then row without twisting through the pelvis.","Use the upper back, not momentum."
Gap Hunter — Outfielder Speed & Arm Strength,"Evidence-informed offseason outfielder program. Priorities: acceleration into high-speed running, max-velocity exposure, posterior-chain and hamstring strength, long-stride power, deceleration, jumping, rotational power and shoulder/upper-back strength for longer throws. Sprint quality takes priority over fatigue.",fri,Fri,Friday,Day 4 — Total-Body Strength + Hamstring Armor,Strength,Reinforce force production while giving extra posterior-chain and unilateral work to support high-speed running durability.,Outfielder Total Body,BUILD,65–80 min,true,6,Hamstring Slider Curl,2 × 8–10,75 sec,2,Keep the hips up and extend the legs under control.,Stop before hamstring cramping ruins position.
Gap Hunter — Outfielder Speed & Arm Strength,"Evidence-informed offseason outfielder program. Priorities: acceleration into high-speed running, max-velocity exposure, posterior-chain and hamstring strength, long-stride power, deceleration, jumping, rotational power and shoulder/upper-back strength for longer throws. Sprint quality takes priority over fatigue.",fri,Fri,Friday,Day 4 — Total-Body Strength + Hamstring Armor,Strength,Reinforce force production while giving extra posterior-chain and unilateral work to support high-speed running durability.,Outfielder Total Body,BUILD,65–80 min,true,7,Farmer Carry,3 × 30–40 m,75 sec,3,Walk tall with strong hands and quiet ribs.,Heavy but technically clean.
Gap Hunter — Outfielder Speed & Arm Strength,"Evidence-informed offseason outfielder program. Priorities: acceleration into high-speed running, max-velocity exposure, posterior-chain and hamstring strength, long-stride power, deceleration, jumping, rotational power and shoulder/upper-back strength for longer throws. Sprint quality takes priority over fatigue.",sat,Sat,Saturday,Optional — Easy Aerobic + Outfield Skill,Recover,"Keep this low fatigue. Skill work can include reads and routes, but hard sprint volume should not be added blindly after Thursday.",Skill / Aerobic,EASY,25–40 min,false,1,"Bike, Walk or Easy Jog",25–35 min Zone 2,—,1,Keep the pace conversational.,"If hamstrings are heavy, use bike or walking."
Gap Hunter — Outfielder Speed & Arm Strength,"Evidence-informed offseason outfielder program. Priorities: acceleration into high-speed running, max-velocity exposure, posterior-chain and hamstring strength, long-stride power, deceleration, jumping, rotational power and shoulder/upper-back strength for longer throws. Sprint quality takes priority over fatigue.",sun,Sun,Sunday,Rest,Rest,Full rest. Normal walking is fine.,,,,,,,,,,,
Diamond Engine — Complete Baseball Athlete,"Evidence-informed offseason program for a general baseball position player. Builds lower-body force, acceleration, controlled high-speed exposure, jumping, rotational power, unilateral and frontal-plane strength, trunk control and throwing-arm durability. Use this when a player does not need a strongly position-biased plan.",mon,Mon,Monday,Day 1 — Acceleration + Lower Strength,Strength,Develop short-distance speed and foundational lower-body force.,Baseball Lower / Accel,FORCE,65–80 min,true,1,Countermovement Jump,4 × 3,90 sec,4,Dip quickly and jump as high as possible with a clean landing.,Do while fresh; stop if power drops.
Diamond Engine — Complete Baseball Athlete,"Evidence-informed offseason program for a general baseball position player. Builds lower-body force, acceleration, controlled high-speed exposure, jumping, rotational power, unilateral and frontal-plane strength, trunk control and throwing-arm durability. Use this when a player does not need a strongly position-biased plan.",mon,Mon,Monday,Day 1 — Acceleration + Lower Strength,Strength,Develop short-distance speed and foundational lower-body force.,Baseball Lower / Accel,FORCE,65–80 min,true,2,10-Yard Acceleration,5 × 10 yd,90 sec,5,Push backward into the ground and rise gradually through the first steps.,Full recovery; quality only.
Diamond Engine — Complete Baseball Athlete,"Evidence-informed offseason program for a general baseball position player. Builds lower-body force, acceleration, controlled high-speed exposure, jumping, rotational power, unilateral and frontal-plane strength, trunk control and throwing-arm durability. Use this when a player does not need a strongly position-biased plan.",mon,Mon,Monday,Day 1 — Acceleration + Lower Strength,Strength,Develop short-distance speed and foundational lower-body force.,Baseball Lower / Accel,FORCE,65–80 min,true,3,Trap-Bar Deadlift,4 × 4,3 min,4,"Brace 360°, push the floor away and finish tall.",Leave 1–2 reps in reserve.
Diamond Engine — Complete Baseball Athlete,"Evidence-informed offseason program for a general baseball position player. Builds lower-body force, acceleration, controlled high-speed exposure, jumping, rotational power, unilateral and frontal-plane strength, trunk control and throwing-arm durability. Use this when a player does not need a strongly position-biased plan.",mon,Mon,Monday,Day 1 — Acceleration + Lower Strength,Strength,Develop short-distance speed and foundational lower-body force.,Baseball Lower / Accel,FORCE,65–80 min,true,4,Rear-Foot-Elevated Split Squat,3 × 6 / side,2 min,3,Root the front foot and drive up without shifting the pelvis.,Controlled bottom position.
Diamond Engine — Complete Baseball Athlete,"Evidence-informed offseason program for a general baseball position player. Builds lower-body force, acceleration, controlled high-speed exposure, jumping, rotational power, unilateral and frontal-plane strength, trunk control and throwing-arm durability. Use this when a player does not need a strongly position-biased plan.",mon,Mon,Monday,Day 1 — Acceleration + Lower Strength,Strength,Develop short-distance speed and foundational lower-body force.,Baseball Lower / Accel,FORCE,65–80 min,true,5,Romanian Deadlift,3 × 6–8,2 min,3,Push the hips back and keep the load close.,Stop where hamstrings are loaded and spine stays neutral.
Diamond Engine — Complete Baseball Athlete,"Evidence-informed offseason program for a general baseball position player. Builds lower-body force, acceleration, controlled high-speed exposure, jumping, rotational power, unilateral and frontal-plane strength, trunk control and throwing-arm durability. Use this when a player does not need a strongly position-biased plan.",mon,Mon,Monday,Day 1 — Acceleration + Lower Strength,Strength,Develop short-distance speed and foundational lower-body force.,Baseball Lower / Accel,FORCE,65–80 min,true,6,Lateral Lunge,3 × 8 / side,90 sec,3,Sit into the working hip while keeping the planted foot down.,Own frontal-plane range.
Diamond Engine — Complete Baseball Athlete,"Evidence-informed offseason program for a general baseball position player. Builds lower-body force, acceleration, controlled high-speed exposure, jumping, rotational power, unilateral and frontal-plane strength, trunk control and throwing-arm durability. Use this when a player does not need a strongly position-biased plan.",mon,Mon,Monday,Day 1 — Acceleration + Lower Strength,Strength,Develop short-distance speed and foundational lower-body force.,Baseball Lower / Accel,FORCE,65–80 min,true,7,Bent-Knee Soleus Raise,3 × 12–15,60 sec,3,Keep the knee bent and pause at the top.,Useful lower-leg capacity for acceleration and braking.
Diamond Engine — Complete Baseball Athlete,"Evidence-informed offseason program for a general baseball position player. Builds lower-body force, acceleration, controlled high-speed exposure, jumping, rotational power, unilateral and frontal-plane strength, trunk control and throwing-arm durability. Use this when a player does not need a strongly position-biased plan.",tue,Tue,Tuesday,Day 2 — Upper Strength + Rotational Power,Strength,"Build throwing/hitting support through the upper back, trunk and shoulder without excessive pressing volume.",Baseball Upper / Rotation,THROW,60–75 min,true,1,Medicine-Ball Rotational Scoop Toss,4 × 4 / side,75 sec,4,"Load the hip, rotate from the floor and pelvis, then whip the trunk and arms.","Light ball, maximum speed."
Diamond Engine — Complete Baseball Athlete,"Evidence-informed offseason program for a general baseball position player. Builds lower-body force, acceleration, controlled high-speed exposure, jumping, rotational power, unilateral and frontal-plane strength, trunk control and throwing-arm durability. Use this when a player does not need a strongly position-biased plan.",tue,Tue,Tuesday,Day 2 — Upper Strength + Rotational Power,Strength,"Build throwing/hitting support through the upper back, trunk and shoulder without excessive pressing volume.",Baseball Upper / Rotation,THROW,60–75 min,true,2,Medicine-Ball Step-Behind Throw,3 × 4 / side,75 sec,3,"Create momentum, brace the lead side and rotate hard.",Full reset between reps.
Diamond Engine — Complete Baseball Athlete,"Evidence-informed offseason program for a general baseball position player. Builds lower-body force, acceleration, controlled high-speed exposure, jumping, rotational power, unilateral and frontal-plane strength, trunk control and throwing-arm durability. Use this when a player does not need a strongly position-biased plan.",tue,Tue,Tuesday,Day 2 — Upper Strength + Rotational Power,Strength,"Build throwing/hitting support through the upper back, trunk and shoulder without excessive pressing volume.",Baseball Upper / Rotation,THROW,60–75 min,true,3,Half-Kneeling Landmine Press,3 × 6 / side,90 sec,3,Squeeze the down-side glute and press up-forward with ribs controlled.,Smooth shoulder-friendly path.
Diamond Engine — Complete Baseball Athlete,"Evidence-informed offseason program for a general baseball position player. Builds lower-body force, acceleration, controlled high-speed exposure, jumping, rotational power, unilateral and frontal-plane strength, trunk control and throwing-arm durability. Use this when a player does not need a strongly position-biased plan.",tue,Tue,Tuesday,Day 2 — Upper Strength + Rotational Power,Strength,"Build throwing/hitting support through the upper back, trunk and shoulder without excessive pressing volume.",Baseball Upper / Rotation,THROW,60–75 min,true,4,Chest-Supported Row,4 × 8,90 sec,4,"Reach fully, then pull elbows toward the back pockets.",No shrugging or low-back extension.
Diamond Engine — Complete Baseball Athlete,"Evidence-informed offseason program for a general baseball position player. Builds lower-body force, acceleration, controlled high-speed exposure, jumping, rotational power, unilateral and frontal-plane strength, trunk control and throwing-arm durability. Use this when a player does not need a strongly position-biased plan.",tue,Tue,Tuesday,Day 2 — Upper Strength + Rotational Power,Strength,"Build throwing/hitting support through the upper back, trunk and shoulder without excessive pressing volume.",Baseball Upper / Rotation,THROW,60–75 min,true,5,Neutral-Grip Lat Pulldown or Pull-Up,3 × 6–10,90 sec,3,Pull elbows down toward the ribs and control the return.,Use assistance if needed.
Diamond Engine — Complete Baseball Athlete,"Evidence-informed offseason program for a general baseball position player. Builds lower-body force, acceleration, controlled high-speed exposure, jumping, rotational power, unilateral and frontal-plane strength, trunk control and throwing-arm durability. Use this when a player does not need a strongly position-biased plan.",tue,Tue,Tuesday,Day 2 — Upper Strength + Rotational Power,Strength,"Build throwing/hitting support through the upper back, trunk and shoulder without excessive pressing volume.",Baseball Upper / Rotation,THROW,60–75 min,true,6,Push-Up Plus,2 × 12–15,60 sec,2,Finish by reaching the floor away while the trunk stays rigid.,Quality scapular work.
Diamond Engine — Complete Baseball Athlete,"Evidence-informed offseason program for a general baseball position player. Builds lower-body force, acceleration, controlled high-speed exposure, jumping, rotational power, unilateral and frontal-plane strength, trunk control and throwing-arm durability. Use this when a player does not need a strongly position-biased plan.",tue,Tue,Tuesday,Day 2 — Upper Strength + Rotational Power,Strength,"Build throwing/hitting support through the upper back, trunk and shoulder without excessive pressing volume.",Baseball Upper / Rotation,THROW,60–75 min,true,7,Cable External Rotation at 90°,2 × 12 / side,60 sec,2,Rotate from the shoulder with the upper arm level.,"Light load, clean reps."
Diamond Engine — Complete Baseball Athlete,"Evidence-informed offseason program for a general baseball position player. Builds lower-body force, acceleration, controlled high-speed exposure, jumping, rotational power, unilateral and frontal-plane strength, trunk control and throwing-arm durability. Use this when a player does not need a strongly position-biased plan.",wed,Wed,Wednesday,Recovery — Baseball Mobility + Aerobic,Recover,"Restore hips, ankles and upper back while promoting recovery.",Baseball Reset,RECOVER,25–35 min,false,1,90/90 Hip Switch,2 × 8 / side,30 sec,2,Rotate both hips under control while staying tall.,Use hands for support if needed.
Diamond Engine — Complete Baseball Athlete,"Evidence-informed offseason program for a general baseball position player. Builds lower-body force, acceleration, controlled high-speed exposure, jumping, rotational power, unilateral and frontal-plane strength, trunk control and throwing-arm durability. Use this when a player does not need a strongly position-biased plan.",wed,Wed,Wednesday,Recovery — Baseball Mobility + Aerobic,Recover,"Restore hips, ankles and upper back while promoting recovery.",Baseball Reset,RECOVER,25–35 min,false,2,Adductor Rock-Back,2 × 10 / side,30 sec,2,Sit the hips back until the inner thigh loads gently.,Neutral spine.
Diamond Engine — Complete Baseball Athlete,"Evidence-informed offseason program for a general baseball position player. Builds lower-body force, acceleration, controlled high-speed exposure, jumping, rotational power, unilateral and frontal-plane strength, trunk control and throwing-arm durability. Use this when a player does not need a strongly position-biased plan.",wed,Wed,Wednesday,Recovery — Baseball Mobility + Aerobic,Recover,"Restore hips, ankles and upper back while promoting recovery.",Baseball Reset,RECOVER,25–35 min,false,3,Knee-to-Wall Ankle Mobilization,2 × 10 / side,30 sec,2,Drive the knee forward while the heel remains planted.,Knee tracks over the toes.
Diamond Engine — Complete Baseball Athlete,"Evidence-informed offseason program for a general baseball position player. Builds lower-body force, acceleration, controlled high-speed exposure, jumping, rotational power, unilateral and frontal-plane strength, trunk control and throwing-arm durability. Use this when a player does not need a strongly position-biased plan.",wed,Wed,Wednesday,Recovery — Baseball Mobility + Aerobic,Recover,"Restore hips, ankles and upper back while promoting recovery.",Baseball Reset,RECOVER,25–35 min,false,4,Open-Book T-Spine Rotation,2 × 8 / side,30 sec,2,Rotate through the upper back while knees stay stacked.,Exhale at the end range.
Diamond Engine — Complete Baseball Athlete,"Evidence-informed offseason program for a general baseball position player. Builds lower-body force, acceleration, controlled high-speed exposure, jumping, rotational power, unilateral and frontal-plane strength, trunk control and throwing-arm durability. Use this when a player does not need a strongly position-biased plan.",wed,Wed,Wednesday,Recovery — Baseball Mobility + Aerobic,Recover,"Restore hips, ankles and upper back while promoting recovery.",Baseball Reset,RECOVER,25–35 min,false,5,Easy Cardio,20–25 min easy,—,1,Stay conversational.,"Bike, walk or light jog."
Diamond Engine — Complete Baseball Athlete,"Evidence-informed offseason program for a general baseball position player. Builds lower-body force, acceleration, controlled high-speed exposure, jumping, rotational power, unilateral and frontal-plane strength, trunk control and throwing-arm durability. Use this when a player does not need a strongly position-biased plan.",thu,Thu,Thursday,Day 3 — Speed + Multi-Directional Power,Power,"Convert strength into sprint, jump and rotational outputs while exposing the athlete to multiple movement planes.",Baseball Speed / Power,POWER,50–65 min,true,1,20-Yard Sprint,4 × 20 yd,2 min,4,Accelerate hard and stay relaxed through the finish.,Full recovery.
Diamond Engine — Complete Baseball Athlete,"Evidence-informed offseason program for a general baseball position player. Builds lower-body force, acceleration, controlled high-speed exposure, jumping, rotational power, unilateral and frontal-plane strength, trunk control and throwing-arm durability. Use this when a player does not need a strongly position-biased plan.",thu,Thu,Thursday,Day 3 — Speed + Multi-Directional Power,Power,"Convert strength into sprint, jump and rotational outputs while exposing the athlete to multiple movement planes.",Baseball Speed / Power,POWER,50–65 min,true,2,Lateral Bound to Stick,4 × 3 / side,90 sec,4,Push laterally and own the landing before the next rep.,Knee tracks over toes.
Diamond Engine — Complete Baseball Athlete,"Evidence-informed offseason program for a general baseball position player. Builds lower-body force, acceleration, controlled high-speed exposure, jumping, rotational power, unilateral and frontal-plane strength, trunk control and throwing-arm durability. Use this when a player does not need a strongly position-biased plan.",thu,Thu,Thursday,Day 3 — Speed + Multi-Directional Power,Power,"Convert strength into sprint, jump and rotational outputs while exposing the athlete to multiple movement planes.",Baseball Speed / Power,POWER,50–65 min,true,3,Broad Jump,4 × 3,90 sec,4,Project forward hard and land quietly under control.,Reset fully between reps.
Diamond Engine — Complete Baseball Athlete,"Evidence-informed offseason program for a general baseball position player. Builds lower-body force, acceleration, controlled high-speed exposure, jumping, rotational power, unilateral and frontal-plane strength, trunk control and throwing-arm durability. Use this when a player does not need a strongly position-biased plan.",thu,Thu,Thursday,Day 3 — Speed + Multi-Directional Power,Power,"Convert strength into sprint, jump and rotational outputs while exposing the athlete to multiple movement planes.",Baseball Speed / Power,POWER,50–65 min,true,4,Crossover Start,3 × 5 yd / side,75 sec,3,"Open, cross and push the ground away without standing up too early.",Sharp first step.
Diamond Engine — Complete Baseball Athlete,"Evidence-informed offseason program for a general baseball position player. Builds lower-body force, acceleration, controlled high-speed exposure, jumping, rotational power, unilateral and frontal-plane strength, trunk control and throwing-arm durability. Use this when a player does not need a strongly position-biased plan.",thu,Thu,Thursday,Day 3 — Speed + Multi-Directional Power,Power,"Convert strength into sprint, jump and rotational outputs while exposing the athlete to multiple movement planes.",Baseball Speed / Power,POWER,50–65 min,true,5,Medicine-Ball Shot-Put,4 × 4 / side,75 sec,4,"Drive through the floor, rotate and punch the ball fast.","Max intent, low fatigue."
Diamond Engine — Complete Baseball Athlete,"Evidence-informed offseason program for a general baseball position player. Builds lower-body force, acceleration, controlled high-speed exposure, jumping, rotational power, unilateral and frontal-plane strength, trunk control and throwing-arm durability. Use this when a player does not need a strongly position-biased plan.",thu,Thu,Thursday,Day 3 — Speed + Multi-Directional Power,Power,"Convert strength into sprint, jump and rotational outputs while exposing the athlete to multiple movement planes.",Baseball Speed / Power,POWER,50–65 min,true,6,10-Yard Sprint to Controlled Stop,3 reps,90 sec,3,"Accelerate, lower the center of mass early and brake over several contacts.","Train deceleration mechanics, not a one-step slam stop."
Diamond Engine — Complete Baseball Athlete,"Evidence-informed offseason program for a general baseball position player. Builds lower-body force, acceleration, controlled high-speed exposure, jumping, rotational power, unilateral and frontal-plane strength, trunk control and throwing-arm durability. Use this when a player does not need a strongly position-biased plan.",thu,Thu,Thursday,Day 3 — Speed + Multi-Directional Power,Power,"Convert strength into sprint, jump and rotational outputs while exposing the athlete to multiple movement planes.",Baseball Speed / Power,POWER,50–65 min,true,7,Pogo Jump,3 × 15–20 contacts,60 sec,3,Stay tall and bounce rapidly from the ankles.,Short contacts and relaxed rhythm.
Diamond Engine — Complete Baseball Athlete,"Evidence-informed offseason program for a general baseball position player. Builds lower-body force, acceleration, controlled high-speed exposure, jumping, rotational power, unilateral and frontal-plane strength, trunk control and throwing-arm durability. Use this when a player does not need a strongly position-biased plan.",fri,Fri,Friday,Day 4 — Total-Body Strength,Strength,"Reinforce whole-body strength, unilateral control and trunk stiffness without excessive redundancy.",Baseball Total Body,BUILD,65–80 min,true,1,Front Squat or Hack Squat,4 × 4–6,2–3 min,4,"Brace, sit between the hips and drive through the whole foot.",Leave 1–2 reps in reserve.
Diamond Engine — Complete Baseball Athlete,"Evidence-informed offseason program for a general baseball position player. Builds lower-body force, acceleration, controlled high-speed exposure, jumping, rotational power, unilateral and frontal-plane strength, trunk control and throwing-arm durability. Use this when a player does not need a strongly position-biased plan.",fri,Fri,Friday,Day 4 — Total-Body Strength,Strength,"Reinforce whole-body strength, unilateral control and trunk stiffness without excessive redundancy.",Baseball Total Body,BUILD,65–80 min,true,2,Barbell or Machine Hip Thrust,3 × 6–8,90 sec,3,Finish with the glutes and keep the ribs down.,No low-back hyperextension.
Diamond Engine — Complete Baseball Athlete,"Evidence-informed offseason program for a general baseball position player. Builds lower-body force, acceleration, controlled high-speed exposure, jumping, rotational power, unilateral and frontal-plane strength, trunk control and throwing-arm durability. Use this when a player does not need a strongly position-biased plan.",fri,Fri,Friday,Day 4 — Total-Body Strength,Strength,"Reinforce whole-body strength, unilateral control and trunk stiffness without excessive redundancy.",Baseball Total Body,BUILD,65–80 min,true,3,Step-Up,3 × 8 / side,90 sec,3,Drive through the working leg and minimize push from the back foot.,Keep pelvis level.
Diamond Engine — Complete Baseball Athlete,"Evidence-informed offseason program for a general baseball position player. Builds lower-body force, acceleration, controlled high-speed exposure, jumping, rotational power, unilateral and frontal-plane strength, trunk control and throwing-arm durability. Use this when a player does not need a strongly position-biased plan.",fri,Fri,Friday,Day 4 — Total-Body Strength,Strength,"Reinforce whole-body strength, unilateral control and trunk stiffness without excessive redundancy.",Baseball Total Body,BUILD,65–80 min,true,4,Incline Dumbbell Press,3 × 8,90 sec,3,Press through a comfortable shoulder path with ribs controlled.,Neutral grip if preferred.
Diamond Engine — Complete Baseball Athlete,"Evidence-informed offseason program for a general baseball position player. Builds lower-body force, acceleration, controlled high-speed exposure, jumping, rotational power, unilateral and frontal-plane strength, trunk control and throwing-arm durability. Use this when a player does not need a strongly position-biased plan.",fri,Fri,Friday,Day 4 — Total-Body Strength,Strength,"Reinforce whole-body strength, unilateral control and trunk stiffness without excessive redundancy.",Baseball Total Body,BUILD,65–80 min,true,5,One-Arm Cable Row,3 × 8 / side,75 sec,3,"Reach, then row without rotating the pelvis.",Let the shoulder blade move naturally.
Diamond Engine — Complete Baseball Athlete,"Evidence-informed offseason program for a general baseball position player. Builds lower-body force, acceleration, controlled high-speed exposure, jumping, rotational power, unilateral and frontal-plane strength, trunk control and throwing-arm durability. Use this when a player does not need a strongly position-biased plan.",fri,Fri,Friday,Day 4 — Total-Body Strength,Strength,"Reinforce whole-body strength, unilateral control and trunk stiffness without excessive redundancy.",Baseball Total Body,BUILD,65–80 min,true,6,Cable Chop,3 × 8 / side,75 sec,3,Rotate through the trunk while the pelvis stays controlled.,Athletic speed with control.
Diamond Engine — Complete Baseball Athlete,"Evidence-informed offseason program for a general baseball position player. Builds lower-body force, acceleration, controlled high-speed exposure, jumping, rotational power, unilateral and frontal-plane strength, trunk control and throwing-arm durability. Use this when a player does not need a strongly position-biased plan.",fri,Fri,Friday,Day 4 — Total-Body Strength,Strength,"Reinforce whole-body strength, unilateral control and trunk stiffness without excessive redundancy.",Baseball Total Body,BUILD,65–80 min,true,7,Farmer Carry,3 × 30–40 m,75 sec,3,Walk tall with strong hands and stacked ribs.,Heavy but smooth.
Diamond Engine — Complete Baseball Athlete,"Evidence-informed offseason program for a general baseball position player. Builds lower-body force, acceleration, controlled high-speed exposure, jumping, rotational power, unilateral and frontal-plane strength, trunk control and throwing-arm durability. Use this when a player does not need a strongly position-biased plan.",sat,Sat,Saturday,Optional — Skills + Aerobic Base,Recover,Low-fatigue baseball skill and easy aerobic conditioning.,Skill / Aerobic,EASY,25–40 min,false,1,"Bike, Walk or Easy Jog",25–35 min Zone 2,—,1,Keep the pace easy enough to recover from.,Do not turn this into a conditioning test.
Diamond Engine — Complete Baseball Athlete,"Evidence-informed offseason program for a general baseball position player. Builds lower-body force, acceleration, controlled high-speed exposure, jumping, rotational power, unilateral and frontal-plane strength, trunk control and throwing-arm durability. Use this when a player does not need a strongly position-biased plan.",sun,Sun,Sunday,Rest,Rest,Full rest. Normal walking is fine.,,,,,,,,,,,
Recomp Strong — Fat Loss & Lean Muscle,"Three-day full-body body-recomposition plan focused equally on preserving/building muscle and supporting fat loss. Main lifts use double progression: stay around 1–3 reps in reserve; when every set reaches the top of the rep range with clean technique, add the smallest practical load. Two low-impact aerobic days increase work capacity without replacing resistance training.",mon,Mon,Monday,Day 1 — Full Body A: Squat + Push/Pull,Strength,Train the biggest muscle groups with stable movements that are easy to progress week to week.,Recomp A,BUILD,55–70 min,true,1,Leg Press or Goblet Squat,3 × 8–12,2 min,3,"Keep the whole foot planted, control the bottom and drive through the floor.","When all sets reach 12 with ~2 reps left in reserve, add a small amount of load."
Recomp Strong — Fat Loss & Lean Muscle,"Three-day full-body body-recomposition plan focused equally on preserving/building muscle and supporting fat loss. Main lifts use double progression: stay around 1–3 reps in reserve; when every set reaches the top of the rep range with clean technique, add the smallest practical load. Two low-impact aerobic days increase work capacity without replacing resistance training.",mon,Mon,Monday,Day 1 — Full Body A: Squat + Push/Pull,Strength,Train the biggest muscle groups with stable movements that are easy to progress week to week.,Recomp A,BUILD,55–70 min,true,2,Dumbbell or Machine Chest Press,3 × 8–12,90 sec,3,Keep wrists stacked over elbows and press through a comfortable shoulder path.,Stop 1–3 reps before failure.
Recomp Strong — Fat Loss & Lean Muscle,"Three-day full-body body-recomposition plan focused equally on preserving/building muscle and supporting fat loss. Main lifts use double progression: stay around 1–3 reps in reserve; when every set reaches the top of the rep range with clean technique, add the smallest practical load. Two low-impact aerobic days increase work capacity without replacing resistance training.",mon,Mon,Monday,Day 1 — Full Body A: Squat + Push/Pull,Strength,Train the biggest muscle groups with stable movements that are easy to progress week to week.,Recomp A,BUILD,55–70 min,true,3,Seated Cable Row,3 × 8–12,90 sec,3,"Reach under control, then pull elbows toward the ribs without shrugging.",Pause briefly at the finish.
Recomp Strong — Fat Loss & Lean Muscle,"Three-day full-body body-recomposition plan focused equally on preserving/building muscle and supporting fat loss. Main lifts use double progression: stay around 1–3 reps in reserve; when every set reaches the top of the rep range with clean technique, add the smallest practical load. Two low-impact aerobic days increase work capacity without replacing resistance training.",mon,Mon,Monday,Day 1 — Full Body A: Squat + Push/Pull,Strength,Train the biggest muscle groups with stable movements that are easy to progress week to week.,Recomp A,BUILD,55–70 min,true,4,Dumbbell Romanian Deadlift,3 × 8–10,2 min,3,Push the hips back with soft knees and keep the dumbbells close to the legs.,Feel hamstrings and glutes; keep the low back neutral.
Recomp Strong — Fat Loss & Lean Muscle,"Three-day full-body body-recomposition plan focused equally on preserving/building muscle and supporting fat loss. Main lifts use double progression: stay around 1–3 reps in reserve; when every set reaches the top of the rep range with clean technique, add the smallest practical load. Two low-impact aerobic days increase work capacity without replacing resistance training.",mon,Mon,Monday,Day 1 — Full Body A: Squat + Push/Pull,Strength,Train the biggest muscle groups with stable movements that are easy to progress week to week.,Recomp A,BUILD,55–70 min,true,5,Walking Lunge or Reverse Lunge,2 × 8–10 / side,90 sec,2,"Take a stable step, lower under control and drive through the working leg.",Use bodyweight first if balance limits the set.
Recomp Strong — Fat Loss & Lean Muscle,"Three-day full-body body-recomposition plan focused equally on preserving/building muscle and supporting fat loss. Main lifts use double progression: stay around 1–3 reps in reserve; when every set reaches the top of the rep range with clean technique, add the smallest practical load. Two low-impact aerobic days increase work capacity without replacing resistance training.",mon,Mon,Monday,Day 1 — Full Body A: Squat + Push/Pull,Strength,Train the biggest muscle groups with stable movements that are easy to progress week to week.,Recomp A,BUILD,55–70 min,true,6,Cable Lateral Raise,2 × 12–15,60 sec,2,Lead with the elbow and stop before the shoulder shrugs.,"Light, controlled reps."
Recomp Strong — Fat Loss & Lean Muscle,"Three-day full-body body-recomposition plan focused equally on preserving/building muscle and supporting fat loss. Main lifts use double progression: stay around 1–3 reps in reserve; when every set reaches the top of the rep range with clean technique, add the smallest practical load. Two low-impact aerobic days increase work capacity without replacing resistance training.",mon,Mon,Monday,Day 1 — Full Body A: Squat + Push/Pull,Strength,Train the biggest muscle groups with stable movements that are easy to progress week to week.,Recomp A,BUILD,55–70 min,true,7,Dead Bug,2 × 8 / side,60 sec,2,Exhale the ribs down and extend slowly without arching the low back.,Use only the range you can control.
Recomp Strong — Fat Loss & Lean Muscle,"Three-day full-body body-recomposition plan focused equally on preserving/building muscle and supporting fat loss. Main lifts use double progression: stay around 1–3 reps in reserve; when every set reaches the top of the rep range with clean technique, add the smallest practical load. Two low-impact aerobic days increase work capacity without replacing resistance training.",tue,Tue,Tuesday,Cardio — Easy Aerobic + Daily Movement,Conditioning,Increase energy expenditure and aerobic fitness without interfering with muscle recovery.,Zone 2 / Steps,CARDIO,30–45 min,false,1,"Incline Walk, Bike or Elliptical",30–40 min easy-moderate,—,1,Work at a pace where breathing is elevated but conversation is still possible.,Consistency matters more than chasing a precise heart-rate number.
Recomp Strong — Fat Loss & Lean Muscle,"Three-day full-body body-recomposition plan focused equally on preserving/building muscle and supporting fat loss. Main lifts use double progression: stay around 1–3 reps in reserve; when every set reaches the top of the rep range with clean technique, add the smallest practical load. Two low-impact aerobic days increase work capacity without replacing resistance training.",tue,Tue,Tuesday,Cardio — Easy Aerobic + Daily Movement,Conditioning,Increase energy expenditure and aerobic fitness without interfering with muscle recovery.,Zone 2 / Steps,CARDIO,30–45 min,false,2,Daily Walking,"Add 1,000–2,000 steps above usual baseline",—,1,Spread extra walking across the day.,"Progress from current activity rather than forcing an arbitrary 10,000-step target immediately."
Recomp Strong — Fat Loss & Lean Muscle,"Three-day full-body body-recomposition plan focused equally on preserving/building muscle and supporting fat loss. Main lifts use double progression: stay around 1–3 reps in reserve; when every set reaches the top of the rep range with clean technique, add the smallest practical load. Two low-impact aerobic days increase work capacity without replacing resistance training.",wed,Wed,Wednesday,Day 2 — Full Body B: Glutes + Vertical Pull,Strength,"Emphasize glutes, legs and back while keeping enough upper-body pressing for balanced muscle gain.",Recomp B,BUILD,55–70 min,true,1,Hip Thrust,3 × 8–12,90 sec,3,"Keep ribs down and finish by squeezing the glutes, not arching the low back.",Pause briefly at the top.
Recomp Strong — Fat Loss & Lean Muscle,"Three-day full-body body-recomposition plan focused equally on preserving/building muscle and supporting fat loss. Main lifts use double progression: stay around 1–3 reps in reserve; when every set reaches the top of the rep range with clean technique, add the smallest practical load. Two low-impact aerobic days increase work capacity without replacing resistance training.",wed,Wed,Wednesday,Day 2 — Full Body B: Glutes + Vertical Pull,Strength,"Emphasize glutes, legs and back while keeping enough upper-body pressing for balanced muscle gain.",Recomp B,BUILD,55–70 min,true,2,Lat Pulldown,3 × 8–12,90 sec,3,Pull elbows down toward the ribs and control the return overhead.,Do not lean far back to finish reps.
Recomp Strong — Fat Loss & Lean Muscle,"Three-day full-body body-recomposition plan focused equally on preserving/building muscle and supporting fat loss. Main lifts use double progression: stay around 1–3 reps in reserve; when every set reaches the top of the rep range with clean technique, add the smallest practical load. Two low-impact aerobic days increase work capacity without replacing resistance training.",wed,Wed,Wednesday,Day 2 — Full Body B: Glutes + Vertical Pull,Strength,"Emphasize glutes, legs and back while keeping enough upper-body pressing for balanced muscle gain.",Recomp B,BUILD,55–70 min,true,3,Rear-Foot-Elevated Split Squat,3 × 8 / side,90 sec,3,Keep the front foot rooted and lower the back knee straight down.,Use bodyweight or dumbbells based on control.
Recomp Strong — Fat Loss & Lean Muscle,"Three-day full-body body-recomposition plan focused equally on preserving/building muscle and supporting fat loss. Main lifts use double progression: stay around 1–3 reps in reserve; when every set reaches the top of the rep range with clean technique, add the smallest practical load. Two low-impact aerobic days increase work capacity without replacing resistance training.",wed,Wed,Wednesday,Day 2 — Full Body B: Glutes + Vertical Pull,Strength,"Emphasize glutes, legs and back while keeping enough upper-body pressing for balanced muscle gain.",Recomp B,BUILD,55–70 min,true,4,Dumbbell or Machine Shoulder Press,3 × 8–12,90 sec,3,Keep ribs stacked and press without shrugging.,Neutral grip if more comfortable.
Recomp Strong — Fat Loss & Lean Muscle,"Three-day full-body body-recomposition plan focused equally on preserving/building muscle and supporting fat loss. Main lifts use double progression: stay around 1–3 reps in reserve; when every set reaches the top of the rep range with clean technique, add the smallest practical load. Two low-impact aerobic days increase work capacity without replacing resistance training.",wed,Wed,Wednesday,Day 2 — Full Body B: Glutes + Vertical Pull,Strength,"Emphasize glutes, legs and back while keeping enough upper-body pressing for balanced muscle gain.",Recomp B,BUILD,55–70 min,true,5,Seated or Lying Leg Curl,3 × 10–15,75 sec,3,"Curl smoothly, squeeze the hamstrings and control the lowering.",Add load only when the full range stays clean.
Recomp Strong — Fat Loss & Lean Muscle,"Three-day full-body body-recomposition plan focused equally on preserving/building muscle and supporting fat loss. Main lifts use double progression: stay around 1–3 reps in reserve; when every set reaches the top of the rep range with clean technique, add the smallest practical load. Two low-impact aerobic days increase work capacity without replacing resistance training.",wed,Wed,Wednesday,Day 2 — Full Body B: Glutes + Vertical Pull,Strength,"Emphasize glutes, legs and back while keeping enough upper-body pressing for balanced muscle gain.",Recomp B,BUILD,55–70 min,true,6,Cable Pallof Press,2 × 10 / side,60 sec,2,Brace and resist the cable pulling you into rotation.,Pause with arms fully extended.
Recomp Strong — Fat Loss & Lean Muscle,"Three-day full-body body-recomposition plan focused equally on preserving/building muscle and supporting fat loss. Main lifts use double progression: stay around 1–3 reps in reserve; when every set reaches the top of the rep range with clean technique, add the smallest practical load. Two low-impact aerobic days increase work capacity without replacing resistance training.",wed,Wed,Wednesday,Day 2 — Full Body B: Glutes + Vertical Pull,Strength,"Emphasize glutes, legs and back while keeping enough upper-body pressing for balanced muscle gain.",Recomp B,BUILD,55–70 min,true,7,Cable Curl,2 × 10–15,60 sec,2,Keep elbows quiet and curl without swinging.,Simple direct arm volume for muscle gain.
Recomp Strong — Fat Loss & Lean Muscle,"Three-day full-body body-recomposition plan focused equally on preserving/building muscle and supporting fat loss. Main lifts use double progression: stay around 1–3 reps in reserve; when every set reaches the top of the rep range with clean technique, add the smallest practical load. Two low-impact aerobic days increase work capacity without replacing resistance training.",thu,Thu,Thursday,Recovery — Walk + Mobility,Recover,Stay active while allowing the muscles and joints to recover for Friday.,Active Recovery,RECOVER,20–35 min,false,1,Easy Walk,20–30 min easy,—,1,Keep the pace relaxed.,"This should make Friday feel better, not worse."
Recomp Strong — Fat Loss & Lean Muscle,"Three-day full-body body-recomposition plan focused equally on preserving/building muscle and supporting fat loss. Main lifts use double progression: stay around 1–3 reps in reserve; when every set reaches the top of the rep range with clean technique, add the smallest practical load. Two low-impact aerobic days increase work capacity without replacing resistance training.",thu,Thu,Thursday,Recovery — Walk + Mobility,Recover,Stay active while allowing the muscles and joints to recover for Friday.,Active Recovery,RECOVER,20–35 min,false,2,Hip Flexor Stretch,2 × 30 sec / side,30 sec,2,Tuck the pelvis slightly and squeeze the back-leg glute.,Do not arch the low back.
Recomp Strong — Fat Loss & Lean Muscle,"Three-day full-body body-recomposition plan focused equally on preserving/building muscle and supporting fat loss. Main lifts use double progression: stay around 1–3 reps in reserve; when every set reaches the top of the rep range with clean technique, add the smallest practical load. Two low-impact aerobic days increase work capacity without replacing resistance training.",thu,Thu,Thursday,Recovery — Walk + Mobility,Recover,Stay active while allowing the muscles and joints to recover for Friday.,Active Recovery,RECOVER,20–35 min,false,3,Open-Book Rotation,2 × 8 / side,30 sec,2,Keep knees stacked and rotate through the upper back.,Smooth breathing.
Recomp Strong — Fat Loss & Lean Muscle,"Three-day full-body body-recomposition plan focused equally on preserving/building muscle and supporting fat loss. Main lifts use double progression: stay around 1–3 reps in reserve; when every set reaches the top of the rep range with clean technique, add the smallest practical load. Two low-impact aerobic days increase work capacity without replacing resistance training.",fri,Fri,Friday,Day 3 — Full Body C: Legs + Upper Hypertrophy,Strength,Finish the week with another progressive full-body stimulus and slightly more direct upper-body muscle work.,Recomp C,BUILD,55–70 min,true,1,"Hack Squat, Leg Press or Front-Foot-Elevated Split Squat",3 × 10–12,2 min,3,"Control the bottom, keep the whole foot planted and drive through the working leg.",Choose the version that feels strongest and most stable.
Recomp Strong — Fat Loss & Lean Muscle,"Three-day full-body body-recomposition plan focused equally on preserving/building muscle and supporting fat loss. Main lifts use double progression: stay around 1–3 reps in reserve; when every set reaches the top of the rep range with clean technique, add the smallest practical load. Two low-impact aerobic days increase work capacity without replacing resistance training.",fri,Fri,Friday,Day 3 — Full Body C: Legs + Upper Hypertrophy,Strength,Finish the week with another progressive full-body stimulus and slightly more direct upper-body muscle work.,Recomp C,BUILD,55–70 min,true,2,Incline Dumbbell or Machine Chest Press,3 × 8–12,90 sec,3,Press smoothly with shoulder blades controlled.,Leave 1–3 reps in reserve.
Recomp Strong — Fat Loss & Lean Muscle,"Three-day full-body body-recomposition plan focused equally on preserving/building muscle and supporting fat loss. Main lifts use double progression: stay around 1–3 reps in reserve; when every set reaches the top of the rep range with clean technique, add the smallest practical load. Two low-impact aerobic days increase work capacity without replacing resistance training.",fri,Fri,Friday,Day 3 — Full Body C: Legs + Upper Hypertrophy,Strength,Finish the week with another progressive full-body stimulus and slightly more direct upper-body muscle work.,Recomp C,BUILD,55–70 min,true,3,Chest-Supported Row,3 × 8–12,90 sec,3,Pull the elbows back without shrugging and lower under control.,Use a full comfortable reach.
Recomp Strong — Fat Loss & Lean Muscle,"Three-day full-body body-recomposition plan focused equally on preserving/building muscle and supporting fat loss. Main lifts use double progression: stay around 1–3 reps in reserve; when every set reaches the top of the rep range with clean technique, add the smallest practical load. Two low-impact aerobic days increase work capacity without replacing resistance training.",fri,Fri,Friday,Day 3 — Full Body C: Legs + Upper Hypertrophy,Strength,Finish the week with another progressive full-body stimulus and slightly more direct upper-body muscle work.,Recomp C,BUILD,55–70 min,true,4,Step-Up,2 × 8–10 / side,90 sec,2,Drive through the working leg and control the lowering.,Use a box height that lets the pelvis stay level.
Recomp Strong — Fat Loss & Lean Muscle,"Three-day full-body body-recomposition plan focused equally on preserving/building muscle and supporting fat loss. Main lifts use double progression: stay around 1–3 reps in reserve; when every set reaches the top of the rep range with clean technique, add the smallest practical load. Two low-impact aerobic days increase work capacity without replacing resistance training.",fri,Fri,Friday,Day 3 — Full Body C: Legs + Upper Hypertrophy,Strength,Finish the week with another progressive full-body stimulus and slightly more direct upper-body muscle work.,Recomp C,BUILD,55–70 min,true,5,Cable Pull-Through or Light Romanian Deadlift,3 × 10–12,90 sec,3,Hinge at the hips and finish with the glutes while keeping the ribs down.,Keep this moderate; Monday already supplies the heavier hinge.
Recomp Strong — Fat Loss & Lean Muscle,"Three-day full-body body-recomposition plan focused equally on preserving/building muscle and supporting fat loss. Main lifts use double progression: stay around 1–3 reps in reserve; when every set reaches the top of the rep range with clean technique, add the smallest practical load. Two low-impact aerobic days increase work capacity without replacing resistance training.",fri,Fri,Friday,Day 3 — Full Body C: Legs + Upper Hypertrophy,Strength,Finish the week with another progressive full-body stimulus and slightly more direct upper-body muscle work.,Recomp C,BUILD,55–70 min,true,6,Rope Triceps Pressdown,2 × 10–15,60 sec,2,Keep elbows by the sides and extend without swinging.,Add load when 15 clean reps are easy.
Recomp Strong — Fat Loss & Lean Muscle,"Three-day full-body body-recomposition plan focused equally on preserving/building muscle and supporting fat loss. Main lifts use double progression: stay around 1–3 reps in reserve; when every set reaches the top of the rep range with clean technique, add the smallest practical load. Two low-impact aerobic days increase work capacity without replacing resistance training.",fri,Fri,Friday,Day 3 — Full Body C: Legs + Upper Hypertrophy,Strength,Finish the week with another progressive full-body stimulus and slightly more direct upper-body muscle work.,Recomp C,BUILD,55–70 min,true,7,Side Plank,2 × 20–30 sec / side,60 sec,2,"Keep shoulders, hips and ankles stacked.",Bend the knees to shorten the lever if needed.
Recomp Strong — Fat Loss & Lean Muscle,"Three-day full-body body-recomposition plan focused equally on preserving/building muscle and supporting fat loss. Main lifts use double progression: stay around 1–3 reps in reserve; when every set reaches the top of the rep range with clean technique, add the smallest practical load. Two low-impact aerobic days increase work capacity without replacing resistance training.",sat,Sat,Saturday,Cardio — Longer Easy Session,Conditioning,Add sustainable calorie expenditure and aerobic work while keeping recovery cost low.,Zone 2,CARDIO,35–50 min,false,1,"Brisk Walk, Bike, Elliptical or Swim",35–45 min easy-moderate,—,1,Use a steady pace you could repeat every week.,The best mode is the one she can do consistently without joint irritation.
Recomp Strong — Fat Loss & Lean Muscle,"Three-day full-body body-recomposition plan focused equally on preserving/building muscle and supporting fat loss. Main lifts use double progression: stay around 1–3 reps in reserve; when every set reaches the top of the rep range with clean technique, add the smallest practical load. Two low-impact aerobic days increase work capacity without replacing resistance training.",sat,Sat,Saturday,Cardio — Longer Easy Session,Conditioning,Add sustainable calorie expenditure and aerobic work while keeping recovery cost low.,Zone 2,CARDIO,35–50 min,false,2,Optional Easy Walk Later,10–20 min easy,—,1,Keep it relaxed and conversational.,Optional only; skip if tired or sore.
Recomp Strong — Fat Loss & Lean Muscle,"Three-day full-body body-recomposition plan focused equally on preserving/building muscle and supporting fat loss. Main lifts use double progression: stay around 1–3 reps in reserve; when every set reaches the top of the rep range with clean technique, add the smallest practical load. Two low-impact aerobic days increase work capacity without replacing resistance training.",sun,Sun,Sunday,Rest,Rest,Full rest or an easy walk. Recovery supports muscle gain just as much as training does.,,,,,,,,,,,
